valueSetOid,valueSetName,version,code,display
2.16.840.1.113762.1.4.1267.16,AnswerSetWithYesNoAndUnknowns,20241005,373066001,Yes (qualifier value)
2.16.840.1.113762.1.4.1267.16,AnswerSetWithYesNoAndUnknowns,20241005,373067005,No (qualifier value)
2.16.840.1.113762.1.4.1099.30,CareTeamMemberFunction,20240605,1421009,Specialised surgeon
2.16.840.1.113762.1.4.1099.30,CareTeamMemberFunction,20240605,3430008,Radiation therapist
2.16.840.1.113762.1.4.1099.30,CareTeamMemberFunction,20240605,3842006,Chiropractor
2.16.840.1.113762.1.4.1099.30,CareTeamMemberFunction,20240605,4162009,Dental assistant
2.16.840.1.113762.1.4.1099.30,CareTeamMemberFunction,20240605,5275007,Auxiliary nurse
2.16.840.1.113762.1.4.1099.30,CareTeamMemberFunction,20240605,6816002,Specialised nurse
2.16.840.1.113762.1.4.1099.30,CareTeamMemberFunction,20240605,6868009,Hospital administrator
2.16.840.1.113762.1.4.1099.30,CareTeamMemberFunction,20240605,8724009,Plastic surgeon
2.16.840.1.113762.1.4.1099.30,CareTeamMemberFunction,20240605,11661002,Neuropathologist
2.16.840.1.113762.1.4.1099.30,CareTeamMemberFunction,20240605,11911009,Nephrologist
2.16.840.1.113762.1.4.1099.30,CareTeamMemberFunction,20240605,11935004,Obstetrician
2.16.840.1.113762.1.4.1099.30,CareTeamMemberFunction,20240605,13580004,School dental assistant
2.16.840.1.113762.1.4.1099.30,CareTeamMemberFunction,20240605,14698002,Medical microbiologist
2.16.840.1.113762.1.4.1099.30,CareTeamMemberFunction,20240605,17561000,Cardiologist
2.16.840.1.113762.1.4.1099.30,CareTeamMemberFunction,20240605,18803008,Dermatologist
2.16.840.1.113762.1.4.1099.30,CareTeamMemberFunction,20240605,18850004,Laboratory hematologist
2.16.840.1.113762.1.4.1099.30,CareTeamMemberFunction,20240605,19244007,Gerodontist
2.16.840.1.113762.1.4.1099.30,CareTeamMemberFunction,20240605,20145008,Removable prosthodontist
2.16.840.1.113762.1.4.1099.30,CareTeamMemberFunction,20240605,21365001,Specialised dentist
2.16.840.1.113762.1.4.1099.30,CareTeamMemberFunction,20240605,21450003,Neuropsychiatrist
2.16.840.1.113762.1.4.1099.30,CareTeamMemberFunction,20240605,22515006,Medical assistant
2.16.840.1.113762.1.4.1099.30,CareTeamMemberFunction,20240605,22731001,Orthopedic surgeon
2.16.840.1.113762.1.4.1099.30,CareTeamMemberFunction,20240605,22983004,Thoracic surgeon
2.16.840.1.113762.1.4.1099.30,CareTeamMemberFunction,20240605,23278007,Community health physician
2.16.840.1.113762.1.4.1099.30,CareTeamMemberFunction,20240605,24430003,Physical medicine specialist
2.16.840.1.113762.1.4.1099.30,CareTeamMemberFunction,20240605,24590004,Urologist
2.16.840.1.113762.1.4.1099.30,CareTeamMemberFunction,20240605,25961008,Electroencephalography specialist
2.16.840.1.113762.1.4.1099.30,CareTeamMemberFunction,20240605,26042002,Dental hygienist
2.16.840.1.113762.1.4.1099.30,CareTeamMemberFunction,20240605,26369006,Public health nurse
2.16.840.1.113762.1.4.1099.30,CareTeamMemberFunction,20240605,28229004,Optometrist
2.16.840.1.113762.1.4.1099.30,CareTeamMemberFunction,20240605,28411006,Neonatologist
2.16.840.1.113762.1.4.1099.30,CareTeamMemberFunction,20240605,28544002,Medical biochemist
2.16.840.1.113762.1.4.1099.30,CareTeamMemberFunction,20240605,36682004,Physiotherapist
2.16.840.1.113762.1.4.1099.30,CareTeamMemberFunction,20240605,37154003,Periodontist
2.16.840.1.113762.1.4.1099.30,CareTeamMemberFunction,20240605,37504001,Orthodontist
2.16.840.1.113762.1.4.1099.30,CareTeamMemberFunction,20240605,39677007,Internal medicine specialist
2.16.840.1.113762.1.4.1099.30,CareTeamMemberFunction,20240605,40127002,Dietitian (general)
2.16.840.1.113762.1.4.1099.30,CareTeamMemberFunction,20240605,40204001,Hematologist
2.16.840.1.113762.1.4.1099.30,CareTeamMemberFunction,20240605,40570005,Interpreter
2.16.840.1.113762.1.4.1099.30,CareTeamMemberFunction,20240605,41672002,Respiratory disease specialist
2.16.840.1.113762.1.4.1099.30,CareTeamMemberFunction,20240605,41904004,Medical X-ray technician
2.16.840.1.113762.1.4.1099.30,CareTeamMemberFunction,20240605,43702002,Occupational health nurse
2.16.840.1.113762.1.4.1099.30,CareTeamMemberFunction,20240605,44652006,Pharmaceutical assistant
2.16.840.1.113762.1.4.1099.30,CareTeamMemberFunction,20240605,45440000,Rheumatologist
2.16.840.1.113762.1.4.1099.30,CareTeamMemberFunction,20240605,45544007,Neurosurgeon
2.16.840.1.113762.1.4.1099.30,CareTeamMemberFunction,20240605,45956004,Sanitarian
2.16.840.1.113762.1.4.1099.30,CareTeamMemberFunction,20240605,46255001,Pharmacist
2.16.840.1.113762.1.4.1099.30,CareTeamMemberFunction,20240605,48740002,Philologist
2.16.840.1.113762.1.4.1099.30,CareTeamMemberFunction,20240605,49203003,Dispensing optician
2.16.840.1.113762.1.4.1099.30,CareTeamMemberFunction,20240605,49993003,Oral surgeon
2.16.840.1.113762.1.4.1099.30,CareTeamMemberFunction,20240605,50149000,Endodontist
2.16.840.1.113762.1.4.1099.30,CareTeamMemberFunction,20240605,54503009,Faith healer
2.16.840.1.113762.1.4.1099.30,CareTeamMemberFunction,20240605,56397003,Neurologist
2.16.840.1.113762.1.4.1099.30,CareTeamMemberFunction,20240605,56466003,Public health physician
2.16.840.1.113762.1.4.1099.30,CareTeamMemberFunction,20240605,56542007,Medical record administrator
2.16.840.1.113762.1.4.1099.30,CareTeamMemberFunction,20240605,56545009,Cardiovascular surgeon
2.16.840.1.113762.1.4.1099.30,CareTeamMemberFunction,20240605,57654006,Fixed prosthodontist
2.16.840.1.113762.1.4.1099.30,CareTeamMemberFunction,20240605,59058001,General physician
2.16.840.1.113762.1.4.1099.30,CareTeamMemberFunction,20240605,59169001,Orthopaedic technician
2.16.840.1.113762.1.4.1099.30,CareTeamMemberFunction,20240605,59317003,Dental prosthesis maker and repairer
2.16.840.1.113762.1.4.1099.30,CareTeamMemberFunction,20240605,59944000,Psychologist
2.16.840.1.113762.1.4.1099.30,CareTeamMemberFunction,20240605,60008001,Public health nutritionist
2.16.840.1.113762.1.4.1099.30,CareTeamMemberFunction,20240605,61207006,Medical pathologist
2.16.840.1.113762.1.4.1099.30,CareTeamMemberFunction,20240605,61246008,Laboratory medicine specialist
2.16.840.1.113762.1.4.1099.30,CareTeamMemberFunction,20240605,61345009,Otorhinolaryngologist
2.16.840.1.113762.1.4.1099.30,CareTeamMemberFunction,20240605,61894003,Endocrinologist
2.16.840.1.113762.1.4.1099.30,CareTeamMemberFunction,20240605,62247001,Family medicine specialist
2.16.840.1.113762.1.4.1099.30,CareTeamMemberFunction,20240605,63098009,Clinical immunologist
2.16.840.1.113762.1.4.1099.30,CareTeamMemberFunction,20240605,66476003,Oral pathologist
2.16.840.1.113762.1.4.1099.30,CareTeamMemberFunction,20240605,66862007,Radiologist
2.16.840.1.113762.1.4.1099.30,CareTeamMemberFunction,20240605,68867008,Public health dentist
2.16.840.1.113762.1.4.1099.30,CareTeamMemberFunction,20240605,68950000,Prosthodontist
2.16.840.1.113762.1.4.1099.30,CareTeamMemberFunction,20240605,69280009,Specialised physician
2.16.840.1.113762.1.4.1099.30,CareTeamMemberFunction,20240605,71838004,Gastroenterologist
2.16.840.1.113762.1.4.1099.30,CareTeamMemberFunction,20240605,73265009,Nursing aid
2.16.840.1.113762.1.4.1099.30,CareTeamMemberFunction,20240605,75271001,Professional midwife
2.16.840.1.113762.1.4.1099.30,CareTeamMemberFunction,20240605,76166008,Practical aid (pharmacy)
2.16.840.1.113762.1.4.1099.30,CareTeamMemberFunction,20240605,76231001,Osteopath
2.16.840.1.113762.1.4.1099.30,CareTeamMemberFunction,20240605,76899008,Infectious disease specialist
2.16.840.1.113762.1.4.1099.30,CareTeamMemberFunction,20240605,78703002,General surgeon
2.16.840.1.113762.1.4.1099.30,CareTeamMemberFunction,20240605,78729002,Diagnostic radiologist
2.16.840.1.113762.1.4.1099.30,CareTeamMemberFunction,20240605,79898004,Auxiliary midwife
2.16.840.1.113762.1.4.1099.30,CareTeamMemberFunction,20240605,80409005,Translator
2.16.840.1.113762.1.4.1099.30,CareTeamMemberFunction,20240605,80546007,Occupational therapist
2.16.840.1.113762.1.4.1099.30,CareTeamMemberFunction,20240605,80584001,Psychiatrist
2.16.840.1.113762.1.4.1099.30,CareTeamMemberFunction,20240605,80933006,Nuclear medicine specialist
2.16.840.1.113762.1.4.1099.30,CareTeamMemberFunction,20240605,81464008,Clinical pathologist
2.16.840.1.113762.1.4.1099.30,CareTeamMemberFunction,20240605,82296001,Pediatrician
2.16.840.1.113762.1.4.1099.30,CareTeamMemberFunction,20240605,83273008,Anatomic pathologist
2.16.840.1.113762.1.4.1099.30,CareTeamMemberFunction,20240605,83685006,Gynecologist
2.16.840.1.113762.1.4.1099.30,CareTeamMemberFunction,20240605,85733003,General pathologist
2.16.840.1.113762.1.4.1099.30,CareTeamMemberFunction,20240605,88189002,Anesthesiologist
2.16.840.1.113762.1.4.1099.30,CareTeamMemberFunction,20240605,90201008,Pedodontist
2.16.840.1.113762.1.4.1099.30,CareTeamMemberFunction,20240605,90655003,Geriatrics specialist
2.16.840.1.113762.1.4.1099.30,CareTeamMemberFunction,20240605,106289002,Dentist
2.16.840.1.113762.1.4.1099.30,CareTeamMemberFunction,20240605,106292003,Professional nurse
2.16.840.1.113762.1.4.1099.30,CareTeamMemberFunction,20240605,106293008,Nursing personnel
2.16.840.1.113762.1.4.1099.30,CareTeamMemberFunction,20240605,106294002,Midwifery personnel
2.16.840.1.113762.1.4.1099.30,CareTeamMemberFunction,20240605,106330007,"Philologist, translator AND/OR interpreter"
2.16.840.1.113762.1.4.1099.30,CareTeamMemberFunction,20240605,158965000,Medical practitioner
2.16.840.1.113762.1.4.1099.30,CareTeamMemberFunction,20240605,158966004,Medical administrator - national
2.16.840.1.113762.1.4.1099.30,CareTeamMemberFunction,20240605,158967008,Consultant physician
2.16.840.1.113762.1.4.1099.30,CareTeamMemberFunction,20240605,158968003,Consultant surgeon
2.16.840.1.113762.1.4.1099.30,CareTeamMemberFunction,20240605,158969006,Consultant gynecology and obstetrics
2.16.840.1.113762.1.4.1099.30,CareTeamMemberFunction,20240605,158971006,Hospital registrar
2.16.840.1.113762.1.4.1099.30,CareTeamMemberFunction,20240605,158972004,House officer
2.16.840.1.113762.1.4.1099.30,CareTeamMemberFunction,20240605,158973009,Occupational physician
2.16.840.1.113762.1.4.1099.30,CareTeamMemberFunction,20240605,158974003,Clinical medical officer
2.16.840.1.113762.1.4.1099.30,CareTeamMemberFunction,20240605,158975002,Medical practitioner - teaching
2.16.840.1.113762.1.4.1099.30,CareTeamMemberFunction,20240605,158977005,Dental administrator
2.16.840.1.113762.1.4.1099.30,CareTeamMemberFunction,20240605,158978000,Dental consultant
2.16.840.1.113762.1.4.1099.30,CareTeamMemberFunction,20240605,158979008,Dental general practitioner
2.16.840.1.113762.1.4.1099.30,CareTeamMemberFunction,20240605,158980006,Dental practitioner - teaching
2.16.840.1.113762.1.4.1099.30,CareTeamMemberFunction,20240605,158983008,Nurse administrator - national
2.16.840.1.113762.1.4.1099.30,CareTeamMemberFunction,20240605,158984002,Nursing officer - region
2.16.840.1.113762.1.4.1099.30,CareTeamMemberFunction,20240605,158985001,Nursing officer - district
2.16.840.1.113762.1.4.1099.30,CareTeamMemberFunction,20240605,158986000,Nursing administrator - professional body
2.16.840.1.113762.1.4.1099.30,CareTeamMemberFunction,20240605,158987009,Nursing officer - division
2.16.840.1.113762.1.4.1099.30,CareTeamMemberFunction,20240605,158988004,Nurse education director
2.16.840.1.113762.1.4.1099.30,CareTeamMemberFunction,20240605,158989007,Occupational health nursing officer
2.16.840.1.113762.1.4.1099.30,CareTeamMemberFunction,20240605,158990003,Nursing officer
2.16.840.1.113762.1.4.1099.30,CareTeamMemberFunction,20240605,158992006,Midwifery sister
2.16.840.1.113762.1.4.1099.30,CareTeamMemberFunction,20240605,158993001,Nursing sister (theatre)
2.16.840.1.113762.1.4.1099.30,CareTeamMemberFunction,20240605,158994007,Staff nurse
2.16.840.1.113762.1.4.1099.30,CareTeamMemberFunction,20240605,158995008,Staff midwife
2.16.840.1.113762.1.4.1099.30,CareTeamMemberFunction,20240605,158996009,State enrolled nurse
2.16.840.1.113762.1.4.1099.30,CareTeamMemberFunction,20240605,158997000,District nurse
2.16.840.1.113762.1.4.1099.30,CareTeamMemberFunction,20240605,158998005,Private nurse
2.16.840.1.113762.1.4.1099.30,CareTeamMemberFunction,20240605,158999002,Community midwife
2.16.840.1.113762.1.4.1099.30,CareTeamMemberFunction,20240605,159001001,Clinic nurse
2.16.840.1.113762.1.4.1099.30,CareTeamMemberFunction,20240605,159002008,Practice nurse
2.16.840.1.113762.1.4.1099.30,CareTeamMemberFunction,20240605,159003003,School nurse
2.16.840.1.113762.1.4.1099.30,CareTeamMemberFunction,20240605,159004009,Nurse - teaching
2.16.840.1.113762.1.4.1099.30,CareTeamMemberFunction,20240605,159005005,Student nurse
2.16.840.1.113762.1.4.1099.30,CareTeamMemberFunction,20240605,159006006,Dental nurse
2.16.840.1.113762.1.4.1099.30,CareTeamMemberFunction,20240605,159007002,Community pediatric nurse
2.16.840.1.113762.1.4.1099.30,CareTeamMemberFunction,20240605,159010009,Hospital pharmacist
2.16.840.1.113762.1.4.1099.30,CareTeamMemberFunction,20240605,159011008,Retail pharmacist
2.16.840.1.113762.1.4.1099.30,CareTeamMemberFunction,20240605,159012001,Industrial pharmacist
2.16.840.1.113762.1.4.1099.30,CareTeamMemberFunction,20240605,159014000,Trainee pharmacist
2.16.840.1.113762.1.4.1099.30,CareTeamMemberFunction,20240605,159016003,Medical radiographer
2.16.840.1.113762.1.4.1099.30,CareTeamMemberFunction,20240605,159017007,Diagnostic radiographer
2.16.840.1.113762.1.4.1099.30,CareTeamMemberFunction,20240605,159018002,Therapeutic radiographer
2.16.840.1.113762.1.4.1099.30,CareTeamMemberFunction,20240605,159019005,Trainee radiographer
2.16.840.1.113762.1.4.1099.30,CareTeamMemberFunction,20240605,159021000,Ophthalmic optician
2.16.840.1.113762.1.4.1099.30,CareTeamMemberFunction,20240605,159022007,Trainee optician
2.16.840.1.113762.1.4.1099.30,CareTeamMemberFunction,20240605,159025009,Remedial gymnast
2.16.840.1.113762.1.4.1099.30,CareTeamMemberFunction,20240605,159026005,Speech and language therapist
2.16.840.1.113762.1.4.1099.30,CareTeamMemberFunction,20240605,159027001,Orthoptist
2.16.840.1.113762.1.4.1099.30,CareTeamMemberFunction,20240605,159028006,Trainee remedial therapist
2.16.840.1.113762.1.4.1099.30,CareTeamMemberFunction,20240605,159033005,Dietician
2.16.840.1.113762.1.4.1099.30,CareTeamMemberFunction,20240605,159034004,Podiatrist
2.16.840.1.113762.1.4.1099.30,CareTeamMemberFunction,20240605,159035003,Dental auxiliary
2.16.840.1.113762.1.4.1099.30,CareTeamMemberFunction,20240605,159036002,ECG technician
2.16.840.1.113762.1.4.1099.30,CareTeamMemberFunction,20240605,159037006,EEG technician
2.16.840.1.113762.1.4.1099.30,CareTeamMemberFunction,20240605,159038001,Artificial limb fitter
2.16.840.1.113762.1.4.1099.30,CareTeamMemberFunction,20240605,159039009,AT - Audiology technician
2.16.840.1.113762.1.4.1099.30,CareTeamMemberFunction,20240605,159040006,Pharmacy technician
2.16.840.1.113762.1.4.1099.30,CareTeamMemberFunction,20240605,159041005,Trainee medical technician
2.16.840.1.113762.1.4.1099.30,CareTeamMemberFunction,20240605,159141008,Geneticist
2.16.840.1.113762.1.4.1099.30,CareTeamMemberFunction,20240605,159972006,Surgical corset fitter
2.16.840.1.113762.1.4.1099.30,CareTeamMemberFunction,20240605,160008000,Dental technician
2.16.840.1.113762.1.4.1099.30,CareTeamMemberFunction,20240605,224529009,Clinical assistant
2.16.840.1.113762.1.4.1099.30,CareTeamMemberFunction,20240605,224530004,Senior registrar
2.16.840.1.113762.1.4.1099.30,CareTeamMemberFunction,20240605,224531000,Registrar
2.16.840.1.113762.1.4.1099.30,CareTeamMemberFunction,20240605,224532007,Senior house officer
2.16.840.1.113762.1.4.1099.30,CareTeamMemberFunction,20240605,224533002,MO - Medical officer
2.16.840.1.113762.1.4.1099.30,CareTeamMemberFunction,20240605,224534008,"Health visitors, nurses and midwives"
2.16.840.1.113762.1.4.1099.30,CareTeamMemberFunction,20240605,224535009,Registered nurse
2.16.840.1.113762.1.4.1099.30,CareTeamMemberFunction,20240605,224536005,Midwifery tutor
2.16.840.1.113762.1.4.1099.30,CareTeamMemberFunction,20240605,224537001,Accident and emergency nurse
2.16.840.1.113762.1.4.1099.30,CareTeamMemberFunction,20240605,224538006,Triage nurse
2.16.840.1.113762.1.4.1099.30,CareTeamMemberFunction,20240605,224540001,Community nurse
2.16.840.1.113762.1.4.1099.30,CareTeamMemberFunction,20240605,224541002,Nursing continence advisor
2.16.840.1.113762.1.4.1099.30,CareTeamMemberFunction,20240605,224542009,Coronary care nurse
2.16.840.1.113762.1.4.1099.30,CareTeamMemberFunction,20240605,224543004,Diabetic nurse
2.16.840.1.113762.1.4.1099.30,CareTeamMemberFunction,20240605,224544005,Family planning nurse
2.16.840.1.113762.1.4.1099.30,CareTeamMemberFunction,20240605,224545006,Care of the elderly nurse
2.16.840.1.113762.1.4.1099.30,CareTeamMemberFunction,20240605,224546007,ICN - Infection control nurse
2.16.840.1.113762.1.4.1099.30,CareTeamMemberFunction,20240605,224547003,Intensive therapy nurse
2.16.840.1.113762.1.4.1099.30,CareTeamMemberFunction,20240605,224548008,Learning disabilities nurse
2.16.840.1.113762.1.4.1099.30,CareTeamMemberFunction,20240605,224549000,Neonatal nurse
2.16.840.1.113762.1.4.1099.30,CareTeamMemberFunction,20240605,224550000,Neurology nurse
2.16.840.1.113762.1.4.1099.30,CareTeamMemberFunction,20240605,224551001,Industrial nurse
2.16.840.1.113762.1.4.1099.30,CareTeamMemberFunction,20240605,224552008,Oncology nurse
2.16.840.1.113762.1.4.1099.30,CareTeamMemberFunction,20240605,224554009,Marie Curie nurse
2.16.840.1.113762.1.4.1099.30,CareTeamMemberFunction,20240605,224555005,Pain control nurse
2.16.840.1.113762.1.4.1099.30,CareTeamMemberFunction,20240605,224556006,Palliative care nurse
2.16.840.1.113762.1.4.1099.30,CareTeamMemberFunction,20240605,224557002,Chemotherapy nurse
2.16.840.1.113762.1.4.1099.30,CareTeamMemberFunction,20240605,224558007,Radiotherapy nurse
2.16.840.1.113762.1.4.1099.30,CareTeamMemberFunction,20240605,224559004,Recovery nurse
2.16.840.1.113762.1.4.1099.30,CareTeamMemberFunction,20240605,224560009,Stomatherapist
2.16.840.1.113762.1.4.1099.30,CareTeamMemberFunction,20240605,224562001,Paediatric nurse
2.16.840.1.113762.1.4.1099.30,CareTeamMemberFunction,20240605,224563006,Psychiatric nurse
2.16.840.1.113762.1.4.1099.30,CareTeamMemberFunction,20240605,224564000,Community mental health nurse
2.16.840.1.113762.1.4.1099.30,CareTeamMemberFunction,20240605,224565004,Renal nurse
2.16.840.1.113762.1.4.1099.30,CareTeamMemberFunction,20240605,224566003,Haemodialysis nurse
2.16.840.1.113762.1.4.1099.30,CareTeamMemberFunction,20240605,224567007,Wound care nurse
2.16.840.1.113762.1.4.1099.30,CareTeamMemberFunction,20240605,224569005,Nurse grade
2.16.840.1.113762.1.4.1099.30,CareTeamMemberFunction,20240605,224570006,Clinical nurse specialist
2.16.840.1.113762.1.4.1099.30,CareTeamMemberFunction,20240605,224571005,Nurse practitioner
2.16.840.1.113762.1.4.1099.30,CareTeamMemberFunction,20240605,224572003,Nursing sister
2.16.840.1.113762.1.4.1099.30,CareTeamMemberFunction,20240605,224573008,CN - Charge nurse
2.16.840.1.113762.1.4.1099.30,CareTeamMemberFunction,20240605,224574002,Ward manager
2.16.840.1.113762.1.4.1099.30,CareTeamMemberFunction,20240605,224575001,Nursing team leader
2.16.840.1.113762.1.4.1099.30,CareTeamMemberFunction,20240605,224576000,Nursing assistant
2.16.840.1.113762.1.4.1099.30,CareTeamMemberFunction,20240605,224577009,HCA - Healthcare assistant
2.16.840.1.113762.1.4.1099.30,CareTeamMemberFunction,20240605,224578004,Nursery nurse
2.16.840.1.113762.1.4.1099.30,CareTeamMemberFunction,20240605,224579007,Healthcare service manager
2.16.840.1.113762.1.4.1099.30,CareTeamMemberFunction,20240605,224580005,Occupational health service manager
2.16.840.1.113762.1.4.1099.30,CareTeamMemberFunction,20240605,224581009,Community nurse manager
2.16.840.1.113762.1.4.1099.30,CareTeamMemberFunction,20240605,224583007,Behavior therapist
2.16.840.1.113762.1.4.1099.30,CareTeamMemberFunction,20240605,224584001,Behaviour therapy assistant
2.16.840.1.113762.1.4.1099.30,CareTeamMemberFunction,20240605,224585000,Drama therapist
2.16.840.1.113762.1.4.1099.30,CareTeamMemberFunction,20240605,224586004,Domiciliary occupational therapist
2.16.840.1.113762.1.4.1099.30,CareTeamMemberFunction,20240605,224587008,Occupational therapy helper
2.16.840.1.113762.1.4.1099.30,CareTeamMemberFunction,20240605,224588003,Psychotherapist
2.16.840.1.113762.1.4.1099.30,CareTeamMemberFunction,20240605,224589006,Community-based physiotherapist
2.16.840.1.113762.1.4.1099.30,CareTeamMemberFunction,20240605,224590002,Play therapist
2.16.840.1.113762.1.4.1099.30,CareTeamMemberFunction,20240605,224591003,Play specialist
2.16.840.1.113762.1.4.1099.30,CareTeamMemberFunction,20240605,224592005,Play leader
2.16.840.1.113762.1.4.1099.30,CareTeamMemberFunction,20240605,224593000,Community-based speech and language therapist
2.16.840.1.113762.1.4.1099.30,CareTeamMemberFunction,20240605,224594006,Speech and language assistant
2.16.840.1.113762.1.4.1099.30,CareTeamMemberFunction,20240605,224595007,Professional counsellor
2.16.840.1.113762.1.4.1099.30,CareTeamMemberFunction,20240605,224596008,Marriage guidance counsellor
2.16.840.1.113762.1.4.1099.30,CareTeamMemberFunction,20240605,224597004,Trained nurse counsellor
2.16.840.1.113762.1.4.1099.30,CareTeamMemberFunction,20240605,224598009,Trained social worker counsellor
2.16.840.1.113762.1.4.1099.30,CareTeamMemberFunction,20240605,224599001,Trained personnel counsellor
2.16.840.1.113762.1.4.1099.30,CareTeamMemberFunction,20240605,224600003,Psychoanalyst
2.16.840.1.113762.1.4.1099.30,CareTeamMemberFunction,20240605,224601004,Assistant psychologist
2.16.840.1.113762.1.4.1099.30,CareTeamMemberFunction,20240605,224602006,Community-based podiatrist
2.16.840.1.113762.1.4.1099.30,CareTeamMemberFunction,20240605,224603001,Foot care worker
2.16.840.1.113762.1.4.1099.30,CareTeamMemberFunction,20240605,224604007,Audiometrician
2.16.840.1.113762.1.4.1099.30,CareTeamMemberFunction,20240605,224606009,Technical healthcare occupation
2.16.840.1.113762.1.4.1099.30,CareTeamMemberFunction,20240605,224607000,Occupational therapy technical instructor
2.16.840.1.113762.1.4.1099.30,CareTeamMemberFunction,20240605,224608005,Administrative healthcare staff
2.16.840.1.113762.1.4.1099.30,CareTeamMemberFunction,20240605,224609002,Complementary health worker
2.16.840.1.113762.1.4.1099.30,CareTeamMemberFunction,20240605,224610007,Supporting services personnel
2.16.840.1.113762.1.4.1099.30,CareTeamMemberFunction,20240605,224614003,Research associate
2.16.840.1.113762.1.4.1099.30,CareTeamMemberFunction,20240605,224615002,Research nurse
2.16.840.1.113762.1.4.1099.30,CareTeamMemberFunction,20240605,224620002,Human aid to communication
2.16.840.1.113762.1.4.1099.30,CareTeamMemberFunction,20240605,224621003,Palantypist
2.16.840.1.113762.1.4.1099.30,CareTeamMemberFunction,20240605,224622005,Note taker
2.16.840.1.113762.1.4.1099.30,CareTeamMemberFunction,20240605,224623000,Cuer
2.16.840.1.113762.1.4.1099.30,CareTeamMemberFunction,20240605,224624006,Lipspeaker
2.16.840.1.113762.1.4.1099.30,CareTeamMemberFunction,20240605,224625007,Interpreter for British sign language
2.16.840.1.113762.1.4.1099.30,CareTeamMemberFunction,20240605,224626008,Interpreter for Signs supporting English
2.16.840.1.113762.1.4.1099.30,CareTeamMemberFunction,20240605,224936003,General practitioner locum
2.16.840.1.113762.1.4.1099.30,CareTeamMemberFunction,20240605,225726006,Lactation consultant
2.16.840.1.113762.1.4.1099.30,CareTeamMemberFunction,20240605,225727002,Midwife counsellor
2.16.840.1.113762.1.4.1099.30,CareTeamMemberFunction,20240605,265937000,Nursing occupations
2.16.840.1.113762.1.4.1099.30,CareTeamMemberFunction,20240605,265939002,Medical/dental technicians
2.16.840.1.113762.1.4.1099.30,CareTeamMemberFunction,20240605,283875005,Parkinson's disease nurse
2.16.840.1.113762.1.4.1099.30,CareTeamMemberFunction,20240605,302211009,Specialist registrar
2.16.840.1.113762.1.4.1099.30,CareTeamMemberFunction,20240605,303124005,Member of mental health review tribunal
2.16.840.1.113762.1.4.1099.30,CareTeamMemberFunction,20240605,303129000,Hospital manager
2.16.840.1.113762.1.4.1099.30,CareTeamMemberFunction,20240605,303133007,Responsible medical officer
2.16.840.1.113762.1.4.1099.30,CareTeamMemberFunction,20240605,303134001,Independent doctor
2.16.840.1.113762.1.4.1099.30,CareTeamMemberFunction,20240605,304291006,Bereavement counsellor
2.16.840.1.113762.1.4.1099.30,CareTeamMemberFunction,20240605,304292004,Surgeon
2.16.840.1.113762.1.4.1099.30,CareTeamMemberFunction,20240605,307988006,Medical technician
2.16.840.1.113762.1.4.1099.30,CareTeamMemberFunction,20240605,308002005,Remedial therapist
2.16.840.1.113762.1.4.1099.30,CareTeamMemberFunction,20240605,309294001,Accident and emergency doctor
2.16.840.1.113762.1.4.1099.30,CareTeamMemberFunction,20240605,309295000,Clinical oncologist
2.16.840.1.113762.1.4.1099.30,CareTeamMemberFunction,20240605,309296004,Family planning doctor
2.16.840.1.113762.1.4.1099.30,CareTeamMemberFunction,20240605,309322005,Associate general practitioner
2.16.840.1.113762.1.4.1099.30,CareTeamMemberFunction,20240605,309323000,Partner of general practitioner
2.16.840.1.113762.1.4.1099.30,CareTeamMemberFunction,20240605,309324006,Assistant GP
2.16.840.1.113762.1.4.1099.30,CareTeamMemberFunction,20240605,309326008,Deputizing general practitioner
2.16.840.1.113762.1.4.1099.30,CareTeamMemberFunction,20240605,309327004,General practitioner registrar
2.16.840.1.113762.1.4.1099.30,CareTeamMemberFunction,20240605,309328009,Ambulatory pediatrician
2.16.840.1.113762.1.4.1099.30,CareTeamMemberFunction,20240605,309329001,Community paediatrician
2.16.840.1.113762.1.4.1099.30,CareTeamMemberFunction,20240605,309330006,Pediatric cardiologist
2.16.840.1.113762.1.4.1099.30,CareTeamMemberFunction,20240605,309331005,Pediatric endocrinologist
2.16.840.1.113762.1.4.1099.30,CareTeamMemberFunction,20240605,309332003,Paediatric gastroenterologist
2.16.840.1.113762.1.4.1099.30,CareTeamMemberFunction,20240605,309333008,Pediatric nephrologist
2.16.840.1.113762.1.4.1099.30,CareTeamMemberFunction,20240605,309334002,Paediatric neurologist
2.16.840.1.113762.1.4.1099.30,CareTeamMemberFunction,20240605,309335001,Pediatric rheumatologist
2.16.840.1.113762.1.4.1099.30,CareTeamMemberFunction,20240605,309336000,Paediatric oncologist
2.16.840.1.113762.1.4.1099.30,CareTeamMemberFunction,20240605,309337009,Pain management specialist
2.16.840.1.113762.1.4.1099.30,CareTeamMemberFunction,20240605,309338004,Intensive care specialist
2.16.840.1.113762.1.4.1099.30,CareTeamMemberFunction,20240605,309339007,Adult intensive care specialist
2.16.840.1.113762.1.4.1099.30,CareTeamMemberFunction,20240605,309340009,Pediatric intensive care specialist
2.16.840.1.113762.1.4.1099.30,CareTeamMemberFunction,20240605,309341008,Blood transfusion doctor
2.16.840.1.113762.1.4.1099.30,CareTeamMemberFunction,20240605,309342001,Histopathologist
2.16.840.1.113762.1.4.1099.30,CareTeamMemberFunction,20240605,309343006,Physician
2.16.840.1.113762.1.4.1099.30,CareTeamMemberFunction,20240605,309345004,Chest physician
2.16.840.1.113762.1.4.1099.30,CareTeamMemberFunction,20240605,309346003,Thoracic physician
2.16.840.1.113762.1.4.1099.30,CareTeamMemberFunction,20240605,309347007,Clinical hematologist
2.16.840.1.113762.1.4.1099.30,CareTeamMemberFunction,20240605,309348002,Clinical neurophysiologist
2.16.840.1.113762.1.4.1099.30,CareTeamMemberFunction,20240605,309349005,Clinical physiologist
2.16.840.1.113762.1.4.1099.30,CareTeamMemberFunction,20240605,309350005,Diabetologist
2.16.840.1.113762.1.4.1099.30,CareTeamMemberFunction,20240605,309351009,Andrologist
2.16.840.1.113762.1.4.1099.30,CareTeamMemberFunction,20240605,309352002,Neuroendocrinologist
2.16.840.1.113762.1.4.1099.30,CareTeamMemberFunction,20240605,309353007,Reproductive endocrinologist
2.16.840.1.113762.1.4.1099.30,CareTeamMemberFunction,20240605,309354001,Thyroidologist
2.16.840.1.113762.1.4.1099.30,CareTeamMemberFunction,20240605,309355000,Clinical geneticist
2.16.840.1.113762.1.4.1099.30,CareTeamMemberFunction,20240605,309356004,Clinical cytogeneticist
2.16.840.1.113762.1.4.1099.30,CareTeamMemberFunction,20240605,309357008,Clinical molecular geneticist
2.16.840.1.113762.1.4.1099.30,CareTeamMemberFunction,20240605,309358003,Genitourinary medicine physician
2.16.840.1.113762.1.4.1099.30,CareTeamMemberFunction,20240605,309359006,Palliative care physician
2.16.840.1.113762.1.4.1099.30,CareTeamMemberFunction,20240605,309360001,Rehabilitation physician
2.16.840.1.113762.1.4.1099.30,CareTeamMemberFunction,20240605,309361002,Child and adolescent psychiatrist
2.16.840.1.113762.1.4.1099.30,CareTeamMemberFunction,20240605,309362009,Forensic psychiatrist
2.16.840.1.113762.1.4.1099.30,CareTeamMemberFunction,20240605,309363004,Liaison psychiatrist
2.16.840.1.113762.1.4.1099.30,CareTeamMemberFunction,20240605,309364005,Psychogeriatrician
2.16.840.1.113762.1.4.1099.30,CareTeamMemberFunction,20240605,309366007,Rehabilitation psychiatrist
2.16.840.1.113762.1.4.1099.30,CareTeamMemberFunction,20240605,309367003,Obstetrician and gynecologist
2.16.840.1.113762.1.4.1099.30,CareTeamMemberFunction,20240605,309368008,Breast surgeon
2.16.840.1.113762.1.4.1099.30,CareTeamMemberFunction,20240605,309369000,Cardiothoracic surgeon
2.16.840.1.113762.1.4.1099.30,CareTeamMemberFunction,20240605,309371000,Cardiac surgeon
2.16.840.1.113762.1.4.1099.30,CareTeamMemberFunction,20240605,309372007,"Ear, nose and throat surgeon"
2.16.840.1.113762.1.4.1099.30,CareTeamMemberFunction,20240605,309373002,Endocrine surgeon
2.16.840.1.113762.1.4.1099.30,CareTeamMemberFunction,20240605,309374008,Thyroid surgeon
2.16.840.1.113762.1.4.1099.30,CareTeamMemberFunction,20240605,309375009,Pituitary surgeon
2.16.840.1.113762.1.4.1099.30,CareTeamMemberFunction,20240605,309376005,Gastrointestinal surgeon
2.16.840.1.113762.1.4.1099.30,CareTeamMemberFunction,20240605,309377001,General gastrointestinal surgeon
2.16.840.1.113762.1.4.1099.30,CareTeamMemberFunction,20240605,309378006,Upper gastrointestinal surgeon
2.16.840.1.113762.1.4.1099.30,CareTeamMemberFunction,20240605,309379003,Colorectal surgeon
2.16.840.1.113762.1.4.1099.30,CareTeamMemberFunction,20240605,309380000,Hand surgeon
2.16.840.1.113762.1.4.1099.30,CareTeamMemberFunction,20240605,309381001,Hepatobiliary surgeon
2.16.840.1.113762.1.4.1099.30,CareTeamMemberFunction,20240605,309382008,Ophthalmic surgeon
2.16.840.1.113762.1.4.1099.30,CareTeamMemberFunction,20240605,309383003,Pediatric surgeon
2.16.840.1.113762.1.4.1099.30,CareTeamMemberFunction,20240605,309384009,Pancreatic surgeon
2.16.840.1.113762.1.4.1099.30,CareTeamMemberFunction,20240605,309385005,Transplant surgeon
2.16.840.1.113762.1.4.1099.30,CareTeamMemberFunction,20240605,309386006,Trauma surgeon
2.16.840.1.113762.1.4.1099.30,CareTeamMemberFunction,20240605,309388007,Vascular surgeon
2.16.840.1.113762.1.4.1099.30,CareTeamMemberFunction,20240605,309389004,Medical practitioner grade
2.16.840.1.113762.1.4.1099.30,CareTeamMemberFunction,20240605,309390008,Hospital consultant
2.16.840.1.113762.1.4.1099.30,CareTeamMemberFunction,20240605,309391007,Visiting specialist registrar
2.16.840.1.113762.1.4.1099.30,CareTeamMemberFunction,20240605,309392000,Research registrar
2.16.840.1.113762.1.4.1099.30,CareTeamMemberFunction,20240605,309393005,General practitioner grade
2.16.840.1.113762.1.4.1099.30,CareTeamMemberFunction,20240605,309394004,General practitioner principal
2.16.840.1.113762.1.4.1099.30,CareTeamMemberFunction,20240605,309395003,Hospital specialist
2.16.840.1.113762.1.4.1099.30,CareTeamMemberFunction,20240605,309396002,Associate specialist
2.16.840.1.113762.1.4.1099.30,CareTeamMemberFunction,20240605,309397006,Research fellow
2.16.840.1.113762.1.4.1099.30,CareTeamMemberFunction,20240605,309398001,Profession allied to medicine
2.16.840.1.113762.1.4.1099.30,CareTeamMemberFunction,20240605,309399009,Hospital dietitian
2.16.840.1.113762.1.4.1099.30,CareTeamMemberFunction,20240605,309400002,Domiciliary physiotherapist
2.16.840.1.113762.1.4.1099.30,CareTeamMemberFunction,20240605,309401003,GP-based physiotherapist
2.16.840.1.113762.1.4.1099.30,CareTeamMemberFunction,20240605,309402005,Hospital-based physiotherapist
2.16.840.1.113762.1.4.1099.30,CareTeamMemberFunction,20240605,309403000,Private physiotherapist
2.16.840.1.113762.1.4.1099.30,CareTeamMemberFunction,20240605,309404006,Physiotherapy helper
2.16.840.1.113762.1.4.1099.30,CareTeamMemberFunction,20240605,309409001,Hospital-based speech and language therapist
2.16.840.1.113762.1.4.1099.30,CareTeamMemberFunction,20240605,309410006,Arts therapist
2.16.840.1.113762.1.4.1099.30,CareTeamMemberFunction,20240605,309411005,Dance therapist
2.16.840.1.113762.1.4.1099.30,CareTeamMemberFunction,20240605,309412003,Music therapist
2.16.840.1.113762.1.4.1099.30,CareTeamMemberFunction,20240605,309413008,Renal dietitian
2.16.840.1.113762.1.4.1099.30,CareTeamMemberFunction,20240605,309414002,Liver dietitian
2.16.840.1.113762.1.4.1099.30,CareTeamMemberFunction,20240605,309415001,Oncology dietitian
2.16.840.1.113762.1.4.1099.30,CareTeamMemberFunction,20240605,309416000,Pediatric dietitian
2.16.840.1.113762.1.4.1099.30,CareTeamMemberFunction,20240605,309417009,Diabetes dietitian
2.16.840.1.113762.1.4.1099.30,CareTeamMemberFunction,20240605,309418004,Audiologist
2.16.840.1.113762.1.4.1099.30,CareTeamMemberFunction,20240605,309419007,Hearing therapist
2.16.840.1.113762.1.4.1099.30,CareTeamMemberFunction,20240605,309420001,Audiological scientist
2.16.840.1.113762.1.4.1099.30,CareTeamMemberFunction,20240605,309421002,Hearing aid dispenser
2.16.840.1.113762.1.4.1099.30,CareTeamMemberFunction,20240605,309422009,Community-based occupational therapist
2.16.840.1.113762.1.4.1099.30,CareTeamMemberFunction,20240605,309423004,Hospital occupational therapist
2.16.840.1.113762.1.4.1099.30,CareTeamMemberFunction,20240605,309427003,Social services occupational therapist
2.16.840.1.113762.1.4.1099.30,CareTeamMemberFunction,20240605,309428008,Orthotist
2.16.840.1.113762.1.4.1099.30,CareTeamMemberFunction,20240605,309429000,Surgical fitter
2.16.840.1.113762.1.4.1099.30,CareTeamMemberFunction,20240605,309434001,Hospital-based podiatrist
2.16.840.1.113762.1.4.1099.30,CareTeamMemberFunction,20240605,309435000,Podiatry assistant
2.16.840.1.113762.1.4.1099.30,CareTeamMemberFunction,20240605,309436004,Lymphedema nurse
2.16.840.1.113762.1.4.1099.30,CareTeamMemberFunction,20240605,309437008,Community learning disabilities nurse
2.16.840.1.113762.1.4.1099.30,CareTeamMemberFunction,20240605,309439006,Clinical nurse teacher
2.16.840.1.113762.1.4.1099.30,CareTeamMemberFunction,20240605,309440008,Community practice nurse teacher
2.16.840.1.113762.1.4.1099.30,CareTeamMemberFunction,20240605,309441007,Nurse tutor
2.16.840.1.113762.1.4.1099.30,CareTeamMemberFunction,20240605,309442000,Nurse teacher practitioner
2.16.840.1.113762.1.4.1099.30,CareTeamMemberFunction,20240605,309443005,Nurse lecturer practitioner
2.16.840.1.113762.1.4.1099.30,CareTeamMemberFunction,20240605,309444004,Outreach nurse
2.16.840.1.113762.1.4.1099.30,CareTeamMemberFunction,20240605,309445003,Anesthetic nurse
2.16.840.1.113762.1.4.1099.30,CareTeamMemberFunction,20240605,309446002,Nurse manager
2.16.840.1.113762.1.4.1099.30,CareTeamMemberFunction,20240605,309450009,Nurse administrator
2.16.840.1.113762.1.4.1099.30,CareTeamMemberFunction,20240605,309452001,Midwifery grade
2.16.840.1.113762.1.4.1099.30,CareTeamMemberFunction,20240605,309453006,Registered midwife
2.16.840.1.113762.1.4.1099.30,CareTeamMemberFunction,20240605,309454000,Student midwife
2.16.840.1.113762.1.4.1099.30,CareTeamMemberFunction,20240605,309455004,Parentcraft sister
2.16.840.1.113762.1.4.1099.30,CareTeamMemberFunction,20240605,309459005,Healthcare professional grade
2.16.840.1.113762.1.4.1099.30,CareTeamMemberFunction,20240605,309460000,Restorative dentist
2.16.840.1.113762.1.4.1099.30,CareTeamMemberFunction,20240605,310170009,Paediatric audiologist
2.16.840.1.113762.1.4.1099.30,CareTeamMemberFunction,20240605,310171008,Immunopathologist
2.16.840.1.113762.1.4.1099.30,CareTeamMemberFunction,20240605,310172001,Audiological physician
2.16.840.1.113762.1.4.1099.30,CareTeamMemberFunction,20240605,310173006,Clinical pharmacologist
2.16.840.1.113762.1.4.1099.30,CareTeamMemberFunction,20240605,310174000,Private doctor
2.16.840.1.113762.1.4.1099.30,CareTeamMemberFunction,20240605,310175004,Agency nurse
2.16.840.1.113762.1.4.1099.30,CareTeamMemberFunction,20240605,310176003,Behavioral therapist nurse
2.16.840.1.113762.1.4.1099.30,CareTeamMemberFunction,20240605,310177007,Cardiac rehabilitation nurse
2.16.840.1.113762.1.4.1099.30,CareTeamMemberFunction,20240605,310178002,Genitourinary nurse
2.16.840.1.113762.1.4.1099.30,CareTeamMemberFunction,20240605,310179005,Rheumatology nurse specialist
2.16.840.1.113762.1.4.1099.30,CareTeamMemberFunction,20240605,310180008,Continence nurse
2.16.840.1.113762.1.4.1099.30,CareTeamMemberFunction,20240605,310181007,Contact tracing nurse
2.16.840.1.113762.1.4.1099.30,CareTeamMemberFunction,20240605,310182000,General nurse
2.16.840.1.113762.1.4.1099.30,CareTeamMemberFunction,20240605,310184004,Liaison nurse
2.16.840.1.113762.1.4.1099.30,CareTeamMemberFunction,20240605,310185003,Diabetic liaison nurse
2.16.840.1.113762.1.4.1099.30,CareTeamMemberFunction,20240605,310186002,Nurse psychotherapist
2.16.840.1.113762.1.4.1099.30,CareTeamMemberFunction,20240605,310187006,Company nurse
2.16.840.1.113762.1.4.1099.30,CareTeamMemberFunction,20240605,310188001,Hospital midwife
2.16.840.1.113762.1.4.1099.30,CareTeamMemberFunction,20240605,310189009,Genetic counsellor
2.16.840.1.113762.1.4.1099.30,CareTeamMemberFunction,20240605,310190000,Mental health counsellor
2.16.840.1.113762.1.4.1099.30,CareTeamMemberFunction,20240605,310191001,Clinical psychologist
2.16.840.1.113762.1.4.1099.30,CareTeamMemberFunction,20240605,310192008,Educational psychologist
2.16.840.1.113762.1.4.1099.30,CareTeamMemberFunction,20240605,310193003,Coroner
2.16.840.1.113762.1.4.1099.30,CareTeamMemberFunction,20240605,310194009,Appliance officer
2.16.840.1.113762.1.4.1099.30,CareTeamMemberFunction,20240605,310512001,Medical oncologist
2.16.840.1.113762.1.4.1099.30,CareTeamMemberFunction,20240605,311441001,School medical officer
2.16.840.1.113762.1.4.1099.30,CareTeamMemberFunction,20240605,312485001,Integrated midwife
2.16.840.1.113762.1.4.1099.30,CareTeamMemberFunction,20240605,372102007,RN First Assist (occupation)
2.16.840.1.113762.1.4.1099.30,CareTeamMemberFunction,20240605,387619007,Optician (occupation)
2.16.840.1.113762.1.4.1099.30,CareTeamMemberFunction,20240605,394572006,Medical secretary (occupation)
2.16.840.1.113762.1.4.1099.30,CareTeamMemberFunction,20240605,394618009,Hospital nurse (occupation)
2.16.840.1.113762.1.4.1099.30,CareTeamMemberFunction,20240605,397897005,Paramedic (occupation)
2.16.840.1.113762.1.4.1099.30,CareTeamMemberFunction,20240605,397903001,Staff grade obstetrician (occupation)
2.16.840.1.113762.1.4.1099.30,CareTeamMemberFunction,20240605,397908005,Staff grade practitioner (occupation)
2.16.840.1.113762.1.4.1099.30,CareTeamMemberFunction,20240605,398130009,Medical student (occupation)
2.16.840.1.113762.1.4.1099.30,CareTeamMemberFunction,20240605,398238009,Acting obstetric registrar (occupation)
2.16.840.1.113762.1.4.1099.30,CareTeamMemberFunction,20240605,404940000,Physiotherapist technical instructor (occupation)
2.16.840.1.113762.1.4.1099.30,CareTeamMemberFunction,20240605,405277009,Resident physician (occupation)
2.16.840.1.113762.1.4.1099.30,CareTeamMemberFunction,20240605,405278004,Certified registered nurse anesthetist (occupation)
2.16.840.1.113762.1.4.1099.30,CareTeamMemberFunction,20240605,405279007,Attending physician (occupation)
2.16.840.1.113762.1.4.1099.30,CareTeamMemberFunction,20240605,405623001,Assigned practitioner (occupation)
2.16.840.1.113762.1.4.1099.30,CareTeamMemberFunction,20240605,405684005,Professional initiating surgical case (finding)
2.16.840.1.113762.1.4.1099.30,CareTeamMemberFunction,20240605,405685006,Professional providing staff relief during surgical procedure (finding)
2.16.840.1.113762.1.4.1099.30,CareTeamMemberFunction,20240605,408798009,Consultant pediatrician (occupation)
2.16.840.1.113762.1.4.1099.30,CareTeamMemberFunction,20240605,408799001,Consultant neonatologist (occupation)
2.16.840.1.113762.1.4.1099.30,CareTeamMemberFunction,20240605,409974004,Health educator (occupation)
2.16.840.1.113762.1.4.1099.30,CareTeamMemberFunction,20240605,409975003,Certified health education specialist (occupation)
2.16.840.1.113762.1.4.1099.30,CareTeamMemberFunction,20240605,413854007,Circulating nurse (occupation)
2.16.840.1.113762.1.4.1099.30,CareTeamMemberFunction,20240605,415075003,Perioperative nurse (occupation)
2.16.840.1.113762.1.4.1099.30,CareTeamMemberFunction,20240605,415506007,Scrub nurse (occupation)
2.16.840.1.113762.1.4.1099.30,CareTeamMemberFunction,20240605,416160000,Fellow of American Academy of Osteopathy (occupation)
2.16.840.1.113762.1.4.1099.30,CareTeamMemberFunction,20240605,420409002,Oculoplastic surgeon (occupation)
2.16.840.1.113762.1.4.1099.30,CareTeamMemberFunction,20240605,420678001,Retinal surgeon (occupation)
2.16.840.1.113762.1.4.1099.30,CareTeamMemberFunction,20240605,421841007,Admitting physican (occupation)
2.16.840.1.113762.1.4.1099.30,CareTeamMemberFunction,20240605,422140007,Medical ophthalmologist (occupation)
2.16.840.1.113762.1.4.1099.30,CareTeamMemberFunction,20240605,422234006,Ophthalmologist (occupation)
2.16.840.1.113762.1.4.1099.30,CareTeamMemberFunction,20240605,432100008,Health coach (occupation)
2.16.840.1.113762.1.4.1099.30,CareTeamMemberFunction,20240605,442867008,Respiratory therapist (occupation)
2.16.840.1.113762.1.4.1099.30,CareTeamMemberFunction,20240605,443090005,Podiatric surgeon (occupation)
2.16.840.1.113762.1.4.1099.30,CareTeamMemberFunction,20240605,444912007,Hypnotherapist (occupation)
2.16.840.1.113762.1.4.1099.30,CareTeamMemberFunction,20240605,445313000,Asthma nurse specialist (occupation)
2.16.840.1.113762.1.4.1099.30,CareTeamMemberFunction,20240605,445451001,Nurse case manager (occupation)
2.16.840.1.113762.1.4.1099.30,CareTeamMemberFunction,20240605,446050000,Primary care physician (occupation)
2.16.840.1.113762.1.4.1099.30,CareTeamMemberFunction,20240605,446701002,Addiction medicine specialist (occupation)
2.16.840.1.113762.1.4.1099.30,CareTeamMemberFunction,20240605,449161006,Physician assistant (occupation)
2.16.840.1.113762.1.4.1099.30,CareTeamMemberFunction,20240605,471302004,Government midwife (occupation)
2.16.840.1.113762.1.4.1099.30,CareTeamMemberFunction,20240605,720503005,Sleep medicine specialist (occupation)
2.16.840.1.113762.1.4.1099.30,CareTeamMemberFunction,20240605,721936008,Occupation medicine specialist (occupation)
2.16.840.1.113762.1.4.1099.30,CareTeamMemberFunction,20240605,721937004,Preventive medicine specialist (occupation)
2.16.840.1.113762.1.4.1099.30,CareTeamMemberFunction,20240605,721938009,Tropical medicine specialist (occupation)
2.16.840.1.113762.1.4.1099.30,CareTeamMemberFunction,20240605,721939001,Vascular medicine specialist
2.16.840.1.113762.1.4.1099.30,CareTeamMemberFunction,20240605,721940004,Legal medicine specialist (occupation)
2.16.840.1.113762.1.4.1099.30,CareTeamMemberFunction,20240605,721941000,Health psychologist (occupation)
2.16.840.1.113762.1.4.1099.30,CareTeamMemberFunction,20240605,721942007,Cardiovascular perfusionist (occupation)
2.16.840.1.113762.1.4.1099.30,CareTeamMemberFunction,20240605,721943002,Clinical immunology and allergy specialist (occupation)
2.16.840.1.113762.1.4.1099.30,CareTeamMemberFunction,20240605,734293001,Clinical pharmacist (occupation)
2.16.840.1.113762.1.4.1099.30,CareTeamMemberFunction,20240605,734294007,Pharmacist prescriber (occupation)
2.16.840.1.113762.1.4.1099.30,CareTeamMemberFunction,20240605,763292005,Radiation oncologist (occupation)
2.16.840.1.113762.1.4.1099.30,CareTeamMemberFunction,20240605,768730001,Home health aide (occupation)
2.16.840.1.113762.1.4.1099.30,CareTeamMemberFunction,20240605,768731002,Home helper
2.16.840.1.113762.1.4.1099.30,CareTeamMemberFunction,20240605,768732009,School health educator
2.16.840.1.113762.1.4.1099.30,CareTeamMemberFunction,20240605,768819009,Medically responsible investigator (occupation)
2.16.840.1.113762.1.4.1099.30,CareTeamMemberFunction,20240605,768825008,Doula (occupation)
2.16.840.1.113762.1.4.1099.30,CareTeamMemberFunction,20240605,768826009,Crisis counsellor
2.16.840.1.113762.1.4.1099.30,CareTeamMemberFunction,20240605,768827000,Nutritionist
2.16.840.1.113762.1.4.1099.30,CareTeamMemberFunction,20240605,768828005,Epidemiologist
2.16.840.1.113762.1.4.1099.30,CareTeamMemberFunction,20240605,768829002,Community dietician (occupation)
2.16.840.1.113762.1.4.1099.30,CareTeamMemberFunction,20240605,768832004,Case manager (occupation)
2.16.840.1.113762.1.4.1099.30,CareTeamMemberFunction,20240605,768833009,Discharging physician
2.16.840.1.113762.1.4.1099.30,CareTeamMemberFunction,20240605,768834003,Disease manager (occupation)
2.16.840.1.113762.1.4.1099.30,CareTeamMemberFunction,20240605,768836001,Patient navigator
2.16.840.1.113762.1.4.1099.30,CareTeamMemberFunction,20240605,768837005,Hospitalist (occupation)
2.16.840.1.113762.1.4.1099.30,CareTeamMemberFunction,20240605,768839008,Consultant (occupation)
2.16.840.1.113762.1.4.1099.30,CareTeamMemberFunction,20240605,789543004,Ultrasonographer
2.16.840.1.113762.1.4.1099.30,CareTeamMemberFunction,20240605,840583002,Allied health assistant (occupation)
2.16.840.1.113762.1.4.1099.30,CareTeamMemberFunction,20240605,840584008,Allied health student
2.16.840.1.113762.1.4.1099.30,CareTeamMemberFunction,20240605,878785002,Clinical respiratory physiologist
2.16.840.1.113762.1.4.1099.30,CareTeamMemberFunction,20240605,878786001,Operating room technician (occupation)
2.16.840.1.113762.1.4.1099.30,CareTeamMemberFunction,20240605,878787005,Anesthesia technician
2.16.840.1.113762.1.4.1099.30,CareTeamMemberFunction,20240605,897187007,Sexual assault nurse examiner (occupation)
2.16.840.1.113762.1.4.1099.30,CareTeamMemberFunction,20240605,1172950003,Massage therapist (occupation)
2.16.840.1.113762.1.4.1099.30,CareTeamMemberFunction,20240605,1186716007,Intellectual disability psychiatrist (occupation)
2.16.840.1.113762.1.4.1099.30,CareTeamMemberFunction,20240605,1186914001,Intellectual disability nurse (occupation)
2.16.840.1.113762.1.4.1099.30,CareTeamMemberFunction,20240605,1251537007,Sport medicine specialist (occupation)
2.16.840.1.113762.1.4.1099.30,CareTeamMemberFunction,20240605,1251542004,Medical coder (occupation)
2.16.840.1.113762.1.4.1099.30,CareTeamMemberFunction,20240605,1251548000,Neuroradiologist (occupation)
2.16.840.1.113762.1.4.1099.30,CareTeamMemberFunction,20240605,1254982001,Medical surgical nurse
2.16.840.1.113762.1.4.1099.30,CareTeamMemberFunction,20240605,1254983006,Chronic care nurse (occupation)
2.16.840.1.113762.1.4.1099.30,CareTeamMemberFunction,20240605,1254984000,Rehabilitation nurse (occupation)
2.16.840.1.113762.1.4.1099.30,CareTeamMemberFunction,20240605,1255370008,Specialist in naturopathy
2.16.840.1.113762.1.4.1099.30,CareTeamMemberFunction,20240605,1255371007,Specialist in homeopathy (occupation)
2.16.840.1.113762.1.4.1099.30,CareTeamMemberFunction,20240605,1255372000,Phytotherapist
2.16.840.1.113762.1.4.1099.30,CareTeamMemberFunction,20240605,1255373005,Specialist in traditional Chinese medicine (occupation)
2.16.840.1.113762.1.4.1099.30,CareTeamMemberFunction,20240605,1255374004,Clinical nutritionist (occupation)
2.16.840.1.113762.1.4.1099.30,CareTeamMemberFunction,20240605,1255514008,Regulatory affairs pharmacist (occupation)
2.16.840.1.113762.1.4.1099.30,CareTeamMemberFunction,20240605,1255515009,Pharmacogenomics pharmacist (occupation)
2.16.840.1.113762.1.4.1099.30,CareTeamMemberFunction,20240605,1255517001,Intern in healthcare (occupation)
2.16.840.1.113762.1.4.1099.30,CareTeamMemberFunction,20240605,1255518006,Organisational and social psychologist
2.16.840.1.113762.1.4.1099.30,CareTeamMemberFunction,20240605,1255519003,Cardiopulmonary technician (occupation)
2.16.840.1.113762.1.4.1099.30,CareTeamMemberFunction,20240605,1255719001,Neurophysiology technician
2.16.840.1.113762.1.4.1099.30,CareTeamMemberFunction,20240605,1256114007,Nuclear medicine technologist
2.16.840.1.113762.1.4.1099.30,CareTeamMemberFunction,20240605,1259214004,Immunohemotherapy specialist (occupation)
2.16.840.1.113762.1.4.1099.30,CareTeamMemberFunction,20240605,1259964002,Oral medicine specialist (occupation)
2.16.840.1.113762.1.4.1099.30,CareTeamMemberFunction,20240605,1268923002,Obstetric nurse (occupation)
2.16.840.1.113762.1.4.1099.30,CareTeamMemberFunction,20240605,1287641002,Oncologist
2.16.840.1.113762.1.4.1099.30,CareTeamMemberFunction,20240605,1290289004,Fellow physician (occupation)
2.16.840.1.113762.1.4.1099.30,CareTeamMemberFunction,20240605,1304201007,Neurological physiotherapist
2.16.840.1.113762.1.4.1099.30,CareTeamMemberFunction,20240605,1304209009,Cardio-respiratory physiotherapist
2.16.840.1.113762.1.4.1099.30,CareTeamMemberFunction,20240605,1304210004,Musculoskeletal physiotherapist
2.16.840.1.113762.1.4.1099.30,CareTeamMemberFunction,20240605,1343658005,Emergency medical technician (occupation)
2.16.840.1.113762.1.4.1099.30,CareTeamMemberFunction,20240605,3981000175106,Nurse complex case manager
2.16.840.1.113762.1.4.1099.30,CareTeamMemberFunction,20240605,9371000175105,Adolescent medicine specialist
2.16.840.1.113762.1.4.1099.30,CareTeamMemberFunction,20240605,25941000087102,Adult gerontology primary care nurse practitioner (occupation)
2.16.840.1.113762.1.4.1099.30,CareTeamMemberFunction,20240605,26031000087100,Pediatric nurse practitioner (occupation)
2.16.840.1.113762.1.4.1099.30,CareTeamMemberFunction,20240605,26071000087103,PHCNP - primary health care nurse practitioner
2.16.840.1.113762.1.4.1099.30,CareTeamMemberFunction,20240605,26091000087104,Public health nurse practitioner
2.16.840.1.113762.1.4.1099.30,CareTeamMemberFunction,20240605,45181000087107,Pediatric ophthalmologist
2.16.840.1.113762.1.4.1099.30,CareTeamMemberFunction,20240605,45191000087109,Pediatric otorhinolaryngologist
2.16.840.1.113762.1.4.1099.30,CareTeamMemberFunction,20240605,45201000087106,Pediatric urologist (occupation)
2.16.840.1.113762.1.4.1099.30,CareTeamMemberFunction,20240605,50681000087109,Bariatric surgeon (occupation)
2.16.840.1.113762.1.4.1099.30,CareTeamMemberFunction,20240605,67811000052107,Paediatric haematology and oncology physician
2.16.840.1.113762.1.4.1099.30,CareTeamMemberFunction,20240605,68191000052106,Neuropsychologist (occupation)
2.16.840.1.113762.1.4.1099.30,CareTeamMemberFunction,20240605,90981000221101,Endoscopist physician (occupation)
2.16.840.1.113762.1.4.1099.30,CareTeamMemberFunction,20240605,611601000124100,Neonatal nurse practitioner (occupation)
2.16.840.1.113762.1.4.1099.30,CareTeamMemberFunction,20240605,1012901000168106,Gynecologic oncologist
2.16.840.1.113762.1.4.1099.30,CareTeamMemberFunction,20240605,1032781000168105,Kinesiology practitioner (occupation)
2.16.840.1.113762.1.4.1099.30,CareTeamMemberFunction,20240605,1276561000168102,Prosthetist
2.16.840.1.113762.1.4.1099.30,CareTeamMemberFunction,20240605,1276571000168108,Orthotist and prosthetist (occupation)
2.16.840.1.113762.1.4.1099.30,CareTeamMemberFunction,20240605,450044741000087104,Acupuncturist (occupation)
2.16.840.1.113762.1.4.1099.30,CareTeamMemberFunction,20240605,116154003,Patient
2.16.840.1.113762.1.4.1099.30,CareTeamMemberFunction,20240605,133932002,Caregiver
2.16.840.1.113762.1.4.1099.30,CareTeamMemberFunction,20240605,373864002,Outpatient (person)
2.16.840.1.113762.1.4.1099.30,CareTeamMemberFunction,20240605,407542009,Informal carer (person)
2.16.840.1.113762.1.4.1099.30,CareTeamMemberFunction,20240605,407543004,Primary carer (person)
2.16.840.1.113762.1.4.1099.30,CareTeamMemberFunction,20240605,416034003,Primary screener (person)
2.16.840.1.113762.1.4.1099.30,CareTeamMemberFunction,20240605,416035002,Secondary screener (person)
2.16.840.1.113762.1.4.1099.30,CareTeamMemberFunction,20240605,416800000,Inpatient (person)
2.16.840.1.113762.1.4.1099.30,CareTeamMemberFunction,20240605,420158005,Performer of method (person)
2.16.840.1.113762.1.4.1099.30,CareTeamMemberFunction,20240605,428024001,Clinical trial participant (person)
2.16.840.1.113762.1.4.1099.30,CareTeamMemberFunction,20240605,429577009,Patient advocate (person)
2.16.840.1.113762.1.4.1099.30,CareTeamMemberFunction,20240605,1287116005,Chaperone (person)
2.16.840.1.113762.1.4.1099.30,CareTeamMemberFunction,20240605,106310008,Worker in religion
2.16.840.1.113762.1.4.1099.30,CareTeamMemberFunction,20240605,11015003,Minister of religion
2.16.840.1.113762.1.4.1099.30,CareTeamMemberFunction,20240605,14613005,Ordained rabbi
2.16.840.1.113762.1.4.1099.30,CareTeamMemberFunction,20240605,48639005,Ordained minister
2.16.840.1.113762.1.4.1099.30,CareTeamMemberFunction,20240605,53564008,Ordained clergy
2.16.840.1.113762.1.4.1099.30,CareTeamMemberFunction,20240605,64220005,Religious worker (member of religious order)
2.16.840.1.113762.1.4.1099.30,CareTeamMemberFunction,20240605,65803006,Missionary
2.16.840.1.113762.1.4.1099.30,CareTeamMemberFunction,20240605,79918004,Ordained priest
2.16.840.1.113762.1.4.1099.30,CareTeamMemberFunction,20240605,106311007,Minister of religion AND/OR related member of religious order
2.16.840.1.113762.1.4.1099.30,CareTeamMemberFunction,20240605,119246008,Imam
2.16.840.1.113762.1.4.1099.30,CareTeamMemberFunction,20240605,225725005,Chaplain
2.16.840.1.113762.1.4.1099.30,CareTeamMemberFunction,20240605,309457007,Vicar
2.16.840.1.113762.1.4.1099.30,CareTeamMemberFunction,20240605,768733004,Spiritual advisor (occupation)
2.16.840.1.113762.1.4.1099.30,CareTeamMemberFunction,20240605,769038007,Researcher
2.16.840.1.113762.1.4.1099.30,CareTeamMemberFunction,20240605,159148002,Research chemist
2.16.840.1.113762.1.4.1099.30,CareTeamMemberFunction,20240605,159174008,Civil engineer - research
2.16.840.1.113762.1.4.1099.30,CareTeamMemberFunction,20240605,768815003,Investigative specialist (occupation)
2.16.840.1.113762.1.4.1099.30,CareTeamMemberFunction,20240605,768816002,Associate investigator
2.16.840.1.113762.1.4.1099.30,CareTeamMemberFunction,20240605,768817006,Co-principal investigator
2.16.840.1.113762.1.4.1099.30,CareTeamMemberFunction,20240605,768818001,Principal investigator
2.16.840.1.113762.1.4.1099.30,CareTeamMemberFunction,20240605,768820003,Care coordinator (occupation)
2.16.840.1.113762.1.4.1099.30,CareTeamMemberFunction,20240605,768821004,Care team coordinator
2.16.840.1.113762.1.4.1099.30,CareTeamMemberFunction,20240605,768822006,Rehabilitation coordinator
2.16.840.1.113762.1.4.1099.30,CareTeamMemberFunction,20240605,768734005,Study coordinator
2.16.840.1.113762.1.4.1267.23,EncounterType,20250510,4525004,Emergency department patient visit
2.16.840.1.113762.1.4.1267.23,EncounterType,20250510,12843005,Subsequent hospital visit by physician
2.16.840.1.113762.1.4.1267.23,EncounterType,20250510,14736009,Patient evaluation and management
2.16.840.1.113762.1.4.1267.23,EncounterType,20250510,18170008,Subsequent nursing facility visit
2.16.840.1.113762.1.4.1267.23,EncounterType,20250510,19681004,Nursing evaluation of patient and report
2.16.840.1.113762.1.4.1267.23,EncounterType,20250510,50357006,Evaluation and management of patient at home
2.16.840.1.113762.1.4.1267.23,EncounterType,20250510,68341005,"Hemodialysis, supervision at home"
2.16.840.1.113762.1.4.1267.23,EncounterType,20250510,69399002,Initial hospital visit by physician
2.16.840.1.113762.1.4.1267.23,EncounterType,20250510,83362003,Final inpatient visit with instructions at discharge
2.16.840.1.113762.1.4.1267.23,EncounterType,20250510,86013001,Periodic reevaluation and management of healthy individual
2.16.840.1.113762.1.4.1267.23,EncounterType,20250510,86181006,Evaluation and management of inpatient
2.16.840.1.113762.1.4.1267.23,EncounterType,20250510,90526000,Initial evaluation and management of healthy individual
2.16.840.1.113762.1.4.1267.23,EncounterType,20250510,108219001,Physician visit with evaluation AND/OR management service
2.16.840.1.113762.1.4.1267.23,EncounterType,20250510,108220007,Evaluation AND/OR management - new patient
2.16.840.1.113762.1.4.1267.23,EncounterType,20250510,108221006,Evaluation AND/OR management - established patient
2.16.840.1.113762.1.4.1267.23,EncounterType,20250510,185321005,Letter encounter to patient
2.16.840.1.113762.1.4.1267.23,EncounterType,20250510,185345009,Encounter for symptom
2.16.840.1.113762.1.4.1267.23,EncounterType,20250510,185346005,Encounter for sign
2.16.840.1.113762.1.4.1267.23,EncounterType,20250510,185347001,Encounter for problem
2.16.840.1.113762.1.4.1267.23,EncounterType,20250510,185348006,Encounter for fear
2.16.840.1.113762.1.4.1267.23,EncounterType,20250510,185349003,"Encounter for ""check-up"""
2.16.840.1.113762.1.4.1267.23,EncounterType,20250510,185387006,New patient consultation
2.16.840.1.113762.1.4.1267.23,EncounterType,20250510,185462000,Home visit request by relative
2.16.840.1.113762.1.4.1267.23,EncounterType,20250510,185463005,Visit out of hours
2.16.840.1.113762.1.4.1267.23,EncounterType,20250510,185464004,Out of hours visit - not night visit
2.16.840.1.113762.1.4.1267.23,EncounterType,20250510,185465003,Weekend visit
2.16.840.1.113762.1.4.1267.23,EncounterType,20250510,185466002,Urgent home visit
2.16.840.1.113762.1.4.1267.23,EncounterType,20250510,185467006,Acute home visit
2.16.840.1.113762.1.4.1267.23,EncounterType,20250510,185468001,Chronic home visit
2.16.840.1.113762.1.4.1267.23,EncounterType,20250510,185469009,District nurse visit
2.16.840.1.113762.1.4.1267.23,EncounterType,20250510,185470005,Home visit elderly assessment
2.16.840.1.113762.1.4.1267.23,EncounterType,20250510,207195004,History and physical examination with evaluation and management of nursing facility patient
2.16.840.1.113762.1.4.1267.23,EncounterType,20250510,209099002,History and physical examination with management of domiciliary or rest home patient
2.16.840.1.113762.1.4.1267.23,EncounterType,20250510,210098006,Domiciliary or rest home patient evaluation and management
2.16.840.1.113762.1.4.1267.23,EncounterType,20250510,225929007,Joint home visit
2.16.840.1.113762.1.4.1267.23,EncounterType,20250510,270424005,Letter encounter from patient
2.16.840.1.113762.1.4.1267.23,EncounterType,20250510,270427003,Patient-initiated encounter
2.16.840.1.113762.1.4.1267.23,EncounterType,20250510,270430005,Provider-initiated encounter
2.16.840.1.113762.1.4.1267.23,EncounterType,20250510,288836004,Agreeing on elements of the care plan
2.16.840.1.113762.1.4.1267.23,EncounterType,20250510,310587004,First annual visit by district nurse
2.16.840.1.113762.1.4.1267.23,EncounterType,20250510,310588009,Visit by health visitor
2.16.840.1.113762.1.4.1267.23,EncounterType,20250510,315205008,Bank holiday home visit
2.16.840.1.113762.1.4.1267.23,EncounterType,20250510,401271004,E-mail sent to patient (procedure)
2.16.840.1.113762.1.4.1267.23,EncounterType,20250510,408482001,District nurse follow up (procedure)
2.16.840.1.113762.1.4.1267.23,EncounterType,20250510,408483006,District nurse initial visit (procedure)
2.16.840.1.113762.1.4.1267.23,EncounterType,20250510,408487007,Health visitor follow up (procedure)
2.16.840.1.113762.1.4.1267.23,EncounterType,20250510,416520008,Consultation for unaccompanied minor (procedure)
2.16.840.1.113762.1.4.1267.23,EncounterType,20250510,423215004,Provision of continuity of care (regime/therapy)
2.16.840.1.113762.1.4.1267.23,EncounterType,20250510,439058005,Home visit for care and maintenance of urinary catheter (procedure)
2.16.840.1.113762.1.4.1267.23,EncounterType,20250510,439708006,Home visit (procedure)
2.16.840.1.113762.1.4.1267.23,EncounterType,20250510,439887005,Home visit for mechanical ventilation care (procedure)
2.16.840.1.113762.1.4.1267.23,EncounterType,20250510,440068009,Home visit for newborn care and assessment (procedure)
2.16.840.1.113762.1.4.1267.23,EncounterType,20250510,440085006,Home visit for postpartum care and assessment (procedure)
2.16.840.1.113762.1.4.1267.23,EncounterType,20250510,440146002,Home visit for care and maintenance of colostomy (procedure)
2.16.840.1.113762.1.4.1267.23,EncounterType,20250510,440168007,Provision of copy of letter from specialist to patient (procedure)
2.16.840.1.113762.1.4.1267.23,EncounterType,20250510,440568002,Visit with nurse at next appointment requested (procedure)
2.16.840.1.113762.1.4.1267.23,EncounterType,20250510,440611006,Home visit for marriage counseling (procedure)
2.16.840.1.113762.1.4.1267.23,EncounterType,20250510,440696002,Home visit for intramuscular injection (procedure)
2.16.840.1.113762.1.4.1267.23,EncounterType,20250510,441244001,Home visit for cystostomy care and maintenance (procedure)
2.16.840.1.113762.1.4.1267.23,EncounterType,20250510,448337001,Telemedicine consultation with patient (procedure)
2.16.840.1.113762.1.4.1267.23,EncounterType,20250510,698704008,Home visit for rheumatology service (procedure)
2.16.840.1.113762.1.4.1267.23,EncounterType,20250510,704126008,Home visit for anticoagulant drug monitoring (procedure)
2.16.840.1.113762.1.4.1267.23,EncounterType,20250510,711458003,Encounter for fitness for duty exam
2.16.840.1.113762.1.4.1267.23,EncounterType,20250510,866149003,Annual visit
2.16.840.1.113762.1.4.1267.23,EncounterType,20250510,1237136005,Consultation with patient (procedure)
2.16.840.1.113762.1.4.1267.23,EncounterType,20250510,1258986006,Face-to-face encounter (procedure)
2.16.840.1.113762.1.4.1267.23,EncounterType,20250510,1269515004,Face to face consultation with patient (procedure)
2.16.840.1.113762.1.4.1267.23,EncounterType,20250510,3391000175108,Office visit for pediatric care and assessment (procedure)
2.16.840.1.113762.1.4.1267.23,EncounterType,20250510,4294967295,
2.16.840.1.113762.1.4.1021.121,FederalAdministrativeSex,20250228,248152002,Female
2.16.840.1.113762.1.4.1021.121,FederalAdministrativeSex,20250228,248153007,Male
2.16.840.1.113762.1.4.1021.32,GenderIdentity,20240215,33791000087105,Identifies as gender nonbinary
2.16.840.1.113762.1.4.1021.32,GenderIdentity,20240215,407376001,Male-to-female transsexual (finding)
2.16.840.1.113762.1.4.1021.32,GenderIdentity,20240215,407377005,Female-to-male transsexual (finding)
2.16.840.1.113762.1.4.1021.32,GenderIdentity,20240215,446141000124107,Identifies as female gender (finding)
2.16.840.1.113762.1.4.1021.32,GenderIdentity,20240215,446151000124109,Identifies as male gender (finding)
2.16.840.1.113762.1.4.1267.31,HealthcareServiceLocationTypeCombined,20250516,331006,Hospital-based outpatient rheumatology clinic
2.16.840.1.113762.1.4.1267.31,HealthcareServiceLocationTypeCombined,20250516,901005,Helicopter-based care
2.16.840.1.113762.1.4.1267.31,HealthcareServiceLocationTypeCombined,20250516,1348009,Day care center
2.16.840.1.113762.1.4.1267.31,HealthcareServiceLocationTypeCombined,20250516,1526002,Free-standing breast clinic
2.16.840.1.113762.1.4.1267.31,HealthcareServiceLocationTypeCombined,20250516,1773006,Free-standing radiology facility
2.16.840.1.113762.1.4.1267.31,HealthcareServiceLocationTypeCombined,20250516,1814000,Hospital-based outpatient geriatric clinic
2.16.840.1.113762.1.4.1267.31,HealthcareServiceLocationTypeCombined,20250516,2081004,Hospital ship
2.16.840.1.113762.1.4.1267.31,HealthcareServiceLocationTypeCombined,20250516,2849009,Hospital-based outpatient infectious disease clinic
2.16.840.1.113762.1.4.1267.31,HealthcareServiceLocationTypeCombined,20250516,2961002,Aid car-based care
2.16.840.1.113762.1.4.1267.31,HealthcareServiceLocationTypeCombined,20250516,3729002,Hospital-based outpatient pediatric clinic
2.16.840.1.113762.1.4.1267.31,HealthcareServiceLocationTypeCombined,20250516,3768009,Free-standing hematology clinic
2.16.840.1.113762.1.4.1267.31,HealthcareServiceLocationTypeCombined,20250516,4322002,Military field hospital
2.16.840.1.113762.1.4.1267.31,HealthcareServiceLocationTypeCombined,20250516,6827000,Local community health center
2.16.840.1.113762.1.4.1267.31,HealthcareServiceLocationTypeCombined,20250516,10206005,Hospital-based outpatient dental clinic
2.16.840.1.113762.1.4.1267.31,HealthcareServiceLocationTypeCombined,20250516,10531005,Free-standing ambulatory surgery facility
2.16.840.1.113762.1.4.1267.31,HealthcareServiceLocationTypeCombined,20250516,11119007,Free-standing peripheral vascular clinic
2.16.840.1.113762.1.4.1267.31,HealthcareServiceLocationTypeCombined,20250516,11424001,Ambulance-based care
2.16.840.1.113762.1.4.1267.31,HealthcareServiceLocationTypeCombined,20250516,13015006,Free-standing gastroenterology clinic
2.16.840.1.113762.1.4.1267.31,HealthcareServiceLocationTypeCombined,20250516,13656005,Free-standing physical medicine clinic
2.16.840.1.113762.1.4.1267.31,HealthcareServiceLocationTypeCombined,20250516,14866005,Hospital-based outpatient mental health clinic
2.16.840.1.113762.1.4.1267.31,HealthcareServiceLocationTypeCombined,20250516,16384001,"Skilled nursing facility, level 2 care"
2.16.840.1.113762.1.4.1267.31,HealthcareServiceLocationTypeCombined,20250516,16597003,Free-standing ophthalmology clinic
2.16.840.1.113762.1.4.1267.31,HealthcareServiceLocationTypeCombined,20250516,16879004,Free-standing neurology clinic
2.16.840.1.113762.1.4.1267.31,HealthcareServiceLocationTypeCombined,20250516,19602009,Fee-for-service private physicians' group office
2.16.840.1.113762.1.4.1267.31,HealthcareServiceLocationTypeCombined,20250516,20078004,Substance abuse treatment center
2.16.840.1.113762.1.4.1267.31,HealthcareServiceLocationTypeCombined,20250516,20316001,Tertiary care hospital
2.16.840.1.113762.1.4.1267.31,HealthcareServiceLocationTypeCombined,20250516,21700006,Free-standing dermatology clinic
2.16.840.1.113762.1.4.1267.31,HealthcareServiceLocationTypeCombined,20250516,22201008,Free-standing dental clinic
2.16.840.1.113762.1.4.1267.31,HealthcareServiceLocationTypeCombined,20250516,22232009,Hospital
2.16.840.1.113762.1.4.1267.31,HealthcareServiceLocationTypeCombined,20250516,22357001,"Skilled nursing facility, level 1 care"
2.16.840.1.113762.1.4.1267.31,HealthcareServiceLocationTypeCombined,20250516,22549003,Hospital-based outpatient gynecology clinic
2.16.840.1.113762.1.4.1267.31,HealthcareServiceLocationTypeCombined,20250516,23392004,Hospital-based outpatient otorhinolaryngology clinic
2.16.840.1.113762.1.4.1267.31,HealthcareServiceLocationTypeCombined,20250516,25567001,Hospital-based outpatient breast clinic
2.16.840.1.113762.1.4.1267.31,HealthcareServiceLocationTypeCombined,20250516,25681007,Sexually transmitted disease clinic
2.16.840.1.113762.1.4.1267.31,HealthcareServiceLocationTypeCombined,20250516,30629002,Retirement home
2.16.840.1.113762.1.4.1267.31,HealthcareServiceLocationTypeCombined,20250516,31154006,Prepaid private physicians' group office
2.16.840.1.113762.1.4.1267.31,HealthcareServiceLocationTypeCombined,20250516,31628002,Hospital-based outpatient family medicine clinic
2.16.840.1.113762.1.4.1267.31,HealthcareServiceLocationTypeCombined,20250516,32074000,Long term care hospital
2.16.840.1.113762.1.4.1267.31,HealthcareServiceLocationTypeCombined,20250516,32193000,Free-standing immunology clinic
2.16.840.1.113762.1.4.1267.31,HealthcareServiceLocationTypeCombined,20250516,34304006,Burn center
2.16.840.1.113762.1.4.1267.31,HealthcareServiceLocationTypeCombined,20250516,35313001,"Skilled nursing facility, level 4 care"
2.16.840.1.113762.1.4.1267.31,HealthcareServiceLocationTypeCombined,20250516,35971002,Ambulatory care site
2.16.840.1.113762.1.4.1267.31,HealthcareServiceLocationTypeCombined,20250516,36125001,Trauma center
2.16.840.1.113762.1.4.1267.31,HealthcareServiceLocationTypeCombined,20250516,36293008,Hospital-based outpatient pain clinic
2.16.840.1.113762.1.4.1267.31,HealthcareServiceLocationTypeCombined,20250516,36490008,Free-standing general surgery clinic
2.16.840.1.113762.1.4.1267.31,HealthcareServiceLocationTypeCombined,20250516,37546005,Hospital-based outpatient rehabilitation clinic
2.16.840.1.113762.1.4.1267.31,HealthcareServiceLocationTypeCombined,20250516,37550003,Hospital-based outpatient dermatology clinic
2.16.840.1.113762.1.4.1267.31,HealthcareServiceLocationTypeCombined,20250516,38238005,Hospital-based outpatient neurology clinic
2.16.840.1.113762.1.4.1267.31,HealthcareServiceLocationTypeCombined,20250516,38426004,Treatment center for emotionally disturbed children
2.16.840.1.113762.1.4.1267.31,HealthcareServiceLocationTypeCombined,20250516,39176004,Airplane-based care
2.16.840.1.113762.1.4.1267.31,HealthcareServiceLocationTypeCombined,20250516,39216000,School infirmary
2.16.840.1.113762.1.4.1267.31,HealthcareServiceLocationTypeCombined,20250516,39350007,Private physicians' group office
2.16.840.1.113762.1.4.1267.31,HealthcareServiceLocationTypeCombined,20250516,39750005,Free-standing pain clinic
2.16.840.1.113762.1.4.1267.31,HealthcareServiceLocationTypeCombined,20250516,39913001,Residential school infirmary
2.16.840.1.113762.1.4.1267.31,HealthcareServiceLocationTypeCombined,20250516,41844007,Free-standing geriatric clinic
2.16.840.1.113762.1.4.1267.31,HealthcareServiceLocationTypeCombined,20250516,42665001,Nursing home
2.16.840.1.113762.1.4.1267.31,HealthcareServiceLocationTypeCombined,20250516,44860005,Free-standing rehabilitation clinic
2.16.840.1.113762.1.4.1267.31,HealthcareServiceLocationTypeCombined,20250516,45131006,Primary care hospital
2.16.840.1.113762.1.4.1267.31,HealthcareServiceLocationTypeCombined,20250516,45288004,Free-standing urology clinic
2.16.840.1.113762.1.4.1267.31,HealthcareServiceLocationTypeCombined,20250516,45618002,Skilled nursing facility
2.16.840.1.113762.1.4.1267.31,HealthcareServiceLocationTypeCombined,20250516,45899008,Free-standing laboratory facility
2.16.840.1.113762.1.4.1267.31,HealthcareServiceLocationTypeCombined,20250516,46111000,Secondary care hospital
2.16.840.1.113762.1.4.1267.31,HealthcareServiceLocationTypeCombined,20250516,46224007,Vaccination clinic
2.16.840.1.113762.1.4.1267.31,HealthcareServiceLocationTypeCombined,20250516,48120004,Cancer hospital
2.16.840.1.113762.1.4.1267.31,HealthcareServiceLocationTypeCombined,20250516,48311003,Veteran's administration hospital
2.16.840.1.113762.1.4.1267.31,HealthcareServiceLocationTypeCombined,20250516,50569004,Hospital-based outpatient urology clinic
2.16.840.1.113762.1.4.1267.31,HealthcareServiceLocationTypeCombined,20250516,51563005,Free-standing mental health clinic
2.16.840.1.113762.1.4.1267.31,HealthcareServiceLocationTypeCombined,20250516,52589007,Free-standing orthopedics clinic
2.16.840.1.113762.1.4.1267.31,HealthcareServiceLocationTypeCombined,20250516,54372004,Geriatric hospital
2.16.840.1.113762.1.4.1267.31,HealthcareServiceLocationTypeCombined,20250516,55948006,Free-standing family medicine clinic
2.16.840.1.113762.1.4.1267.31,HealthcareServiceLocationTypeCombined,20250516,56109004,Intermediate care hospital
2.16.840.1.113762.1.4.1267.31,HealthcareServiceLocationTypeCombined,20250516,56189001,Hospital-based outpatient obstetrical clinic
2.16.840.1.113762.1.4.1267.31,HealthcareServiceLocationTypeCombined,20250516,56217002,Free-standing obstetrical clinic
2.16.840.1.113762.1.4.1267.31,HealthcareServiceLocationTypeCombined,20250516,56293002,Hospital-based outpatient hematology clinic
2.16.840.1.113762.1.4.1267.31,HealthcareServiceLocationTypeCombined,20250516,56775002,Free-standing respiratory disease clinic
2.16.840.1.113762.1.4.1267.31,HealthcareServiceLocationTypeCombined,20250516,57159002,Hospital-based outpatient respiratory disease clinic
2.16.840.1.113762.1.4.1267.31,HealthcareServiceLocationTypeCombined,20250516,58482006,Hospital-based outpatient gastroenterology clinic
2.16.840.1.113762.1.4.1267.31,HealthcareServiceLocationTypeCombined,20250516,59374000,Traveler's aid clinic
2.16.840.1.113762.1.4.1267.31,HealthcareServiceLocationTypeCombined,20250516,62264003,Free-standing otorhinolaryngology clinic
2.16.840.1.113762.1.4.1267.31,HealthcareServiceLocationTypeCombined,20250516,62480006,Psychiatric hospital
2.16.840.1.113762.1.4.1267.31,HealthcareServiceLocationTypeCombined,20250516,63997002,"Skilled nursing facility, level 3 care"
2.16.840.1.113762.1.4.1267.31,HealthcareServiceLocationTypeCombined,20250516,66280005,Private home-based care
2.16.840.1.113762.1.4.1267.31,HealthcareServiceLocationTypeCombined,20250516,67190003,Free-standing clinic
2.16.840.1.113762.1.4.1267.31,HealthcareServiceLocationTypeCombined,20250516,67236001,Hospital-based outpatient physical medicine clinic
2.16.840.1.113762.1.4.1267.31,HealthcareServiceLocationTypeCombined,20250516,69135000,Free-standing infectious disease clinic
2.16.840.1.113762.1.4.1267.31,HealthcareServiceLocationTypeCombined,20250516,69362002,Hospital-based ambulatory surgery facility
2.16.840.1.113762.1.4.1267.31,HealthcareServiceLocationTypeCombined,20250516,69859008,Free-standing rheumatology clinic
2.16.840.1.113762.1.4.1267.31,HealthcareServiceLocationTypeCombined,20250516,70547005,Inner city health center
2.16.840.1.113762.1.4.1267.31,HealthcareServiceLocationTypeCombined,20250516,72311000,Health maintenance organization
2.16.840.1.113762.1.4.1267.31,HealthcareServiceLocationTypeCombined,20250516,73644007,Hospital-based outpatient endocrinology clinic
2.16.840.1.113762.1.4.1267.31,HealthcareServiceLocationTypeCombined,20250516,74018000,Free-standing emergency care center
2.16.840.1.113762.1.4.1267.31,HealthcareServiceLocationTypeCombined,20250516,74056004,Orphanage
2.16.840.1.113762.1.4.1267.31,HealthcareServiceLocationTypeCombined,20250516,77500004,Vocational rehabilitation center
2.16.840.1.113762.1.4.1267.31,HealthcareServiceLocationTypeCombined,20250516,77931003,Rural health center
2.16.840.1.113762.1.4.1267.31,HealthcareServiceLocationTypeCombined,20250516,78001009,Hospital-based outpatient orthopedics clinic
2.16.840.1.113762.1.4.1267.31,HealthcareServiceLocationTypeCombined,20250516,78088001,Hospital-based outpatient ophthalmology clinic
2.16.840.1.113762.1.4.1267.31,HealthcareServiceLocationTypeCombined,20250516,79993009,Government hospital
2.16.840.1.113762.1.4.1267.31,HealthcareServiceLocationTypeCombined,20250516,80522000,Rehabilitation hospital
2.16.840.1.113762.1.4.1267.31,HealthcareServiceLocationTypeCombined,20250516,81234003,Walk-in clinic
2.16.840.1.113762.1.4.1267.31,HealthcareServiceLocationTypeCombined,20250516,82242000,Children's hospital
2.16.840.1.113762.1.4.1267.31,HealthcareServiceLocationTypeCombined,20250516,82455001,Free-standing pediatric clinic
2.16.840.1.113762.1.4.1267.31,HealthcareServiceLocationTypeCombined,20250516,83891005,Solo practice private office
2.16.840.1.113762.1.4.1267.31,HealthcareServiceLocationTypeCombined,20250516,84643003,Free-standing endocrinology clinic
2.16.840.1.113762.1.4.1267.31,HealthcareServiceLocationTypeCombined,20250516,89972002,Hospital-based outpatient oncology clinic
2.16.840.1.113762.1.4.1267.31,HealthcareServiceLocationTypeCombined,20250516,90484001,Hospital-based outpatient general surgery clinic
2.16.840.1.113762.1.4.1267.31,HealthcareServiceLocationTypeCombined,20250516,91154008,Free-standing birthing center
2.16.840.1.113762.1.4.1267.31,HealthcareServiceLocationTypeCombined,20250516,91655008,Free-standing gynecology clinic
2.16.840.1.113762.1.4.1267.31,HealthcareServiceLocationTypeCombined,20250516,108344006,Nursing home AND/OR ambulatory care site
2.16.840.1.113762.1.4.1267.31,HealthcareServiceLocationTypeCombined,20250516,113172002,Free-standing oncology clinic
2.16.840.1.113762.1.4.1267.31,HealthcareServiceLocationTypeCombined,20250516,113173007,Domiciliary
2.16.840.1.113762.1.4.1267.31,HealthcareServiceLocationTypeCombined,20250516,182718004,Mountain resort sanatorium
2.16.840.1.113762.1.4.1267.31,HealthcareServiceLocationTypeCombined,20250516,185483006,Outreach clinic
2.16.840.1.113762.1.4.1267.31,HealthcareServiceLocationTypeCombined,20250516,185484000,Dermatology outreach clinic
2.16.840.1.113762.1.4.1267.31,HealthcareServiceLocationTypeCombined,20250516,185485004,Orthopedic outreach clinic
2.16.840.1.113762.1.4.1267.31,HealthcareServiceLocationTypeCombined,20250516,185486003,Ophthalmology outreach clinic
2.16.840.1.113762.1.4.1267.31,HealthcareServiceLocationTypeCombined,20250516,185487007,Podiatry outreach clinic
2.16.840.1.113762.1.4.1267.31,HealthcareServiceLocationTypeCombined,20250516,185920002,Cardiovascular clinic
2.16.840.1.113762.1.4.1267.31,HealthcareServiceLocationTypeCombined,20250516,223910003,HA - English health authorities
2.16.840.1.113762.1.4.1267.31,HealthcareServiceLocationTypeCombined,20250516,224687002,Prison hospital
2.16.840.1.113762.1.4.1267.31,HealthcareServiceLocationTypeCombined,20250516,224880002,Location within general practice premises
2.16.840.1.113762.1.4.1267.31,HealthcareServiceLocationTypeCombined,20250516,224881003,Charitable nursing home
2.16.840.1.113762.1.4.1267.31,HealthcareServiceLocationTypeCombined,20250516,224924009,Cottage hospital
2.16.840.1.113762.1.4.1267.31,HealthcareServiceLocationTypeCombined,20250516,224929004,Secure hospital
2.16.840.1.113762.1.4.1267.31,HealthcareServiceLocationTypeCombined,20250516,225732001,Community hospital
2.16.840.1.113762.1.4.1267.31,HealthcareServiceLocationTypeCombined,20250516,225740007,Regional centre
2.16.840.1.113762.1.4.1267.31,HealthcareServiceLocationTypeCombined,20250516,257585005,Clinic
2.16.840.1.113762.1.4.1267.31,HealthcareServiceLocationTypeCombined,20250516,257622000,Health care facility
2.16.840.1.113762.1.4.1267.31,HealthcareServiceLocationTypeCombined,20250516,264361005,HC - Health centre
2.16.840.1.113762.1.4.1267.31,HealthcareServiceLocationTypeCombined,20250516,264372000,Pharmacy
2.16.840.1.113762.1.4.1267.31,HealthcareServiceLocationTypeCombined,20250516,274516006,Day hospital
2.16.840.1.113762.1.4.1267.31,HealthcareServiceLocationTypeCombined,20250516,274517002,Alcoholism detoxication center
2.16.840.1.113762.1.4.1267.31,HealthcareServiceLocationTypeCombined,20250516,275576008,Elderly assessment clinic
2.16.840.1.113762.1.4.1267.31,HealthcareServiceLocationTypeCombined,20250516,275692008,Wart clinic
2.16.840.1.113762.1.4.1267.31,HealthcareServiceLocationTypeCombined,20250516,282086004,Dental surgery premises
2.16.840.1.113762.1.4.1267.31,HealthcareServiceLocationTypeCombined,20250516,282087008,Dental laboratory
2.16.840.1.113762.1.4.1267.31,HealthcareServiceLocationTypeCombined,20250516,288561005,Special hospital
2.16.840.1.113762.1.4.1267.31,HealthcareServiceLocationTypeCombined,20250516,288565001,Medical center
2.16.840.1.113762.1.4.1267.31,HealthcareServiceLocationTypeCombined,20250516,288566000,General practice examination room
2.16.840.1.113762.1.4.1267.31,HealthcareServiceLocationTypeCombined,20250516,288567009,GP treatment room
2.16.840.1.113762.1.4.1267.31,HealthcareServiceLocationTypeCombined,20250516,288568004,General practice consulting room
2.16.840.1.113762.1.4.1267.31,HealthcareServiceLocationTypeCombined,20250516,288569007,GP reception area
2.16.840.1.113762.1.4.1267.31,HealthcareServiceLocationTypeCombined,20250516,288570008,General practice waiting room
2.16.840.1.113762.1.4.1267.31,HealthcareServiceLocationTypeCombined,20250516,288572000,Toilet on GP premises
2.16.840.1.113762.1.4.1267.31,HealthcareServiceLocationTypeCombined,20250516,288573005,Community health care environment
2.16.840.1.113762.1.4.1267.31,HealthcareServiceLocationTypeCombined,20250516,309895006,Private hospital
2.16.840.1.113762.1.4.1267.31,HealthcareServiceLocationTypeCombined,20250516,309896007,Tertiary referral hospital
2.16.840.1.113762.1.4.1267.31,HealthcareServiceLocationTypeCombined,20250516,309897003,Psychiatric day care hospital
2.16.840.1.113762.1.4.1267.31,HealthcareServiceLocationTypeCombined,20250516,309898008,Psychogeriatric day hospital
2.16.840.1.113762.1.4.1267.31,HealthcareServiceLocationTypeCombined,20250516,309899000,Elderly severely mentally ill day hospital
2.16.840.1.113762.1.4.1267.31,HealthcareServiceLocationTypeCombined,20250516,309900005,Care of the elderly day hospital
2.16.840.1.113762.1.4.1267.31,HealthcareServiceLocationTypeCombined,20250516,310206007,Private nursing home
2.16.840.1.113762.1.4.1267.31,HealthcareServiceLocationTypeCombined,20250516,310390009,Hospital clinic
2.16.840.1.113762.1.4.1267.31,HealthcareServiceLocationTypeCombined,20250516,310391008,Community clinic
2.16.840.1.113762.1.4.1267.31,HealthcareServiceLocationTypeCombined,20250516,360957003,Hospital-based outpatient allergy clinic
2.16.840.1.113762.1.4.1267.31,HealthcareServiceLocationTypeCombined,20250516,360966004,Hospital-based outpatient immunology clinic
2.16.840.1.113762.1.4.1267.31,HealthcareServiceLocationTypeCombined,20250516,394573001,Maternity clinic (environment)
2.16.840.1.113762.1.4.1267.31,HealthcareServiceLocationTypeCombined,20250516,394574007,Antenatal clinic (environment)
2.16.840.1.113762.1.4.1267.31,HealthcareServiceLocationTypeCombined,20250516,394575008,Postnatal clinic (environment)
2.16.840.1.113762.1.4.1267.31,HealthcareServiceLocationTypeCombined,20250516,394759007,Independent provider site (environment)
2.16.840.1.113762.1.4.1267.31,HealthcareServiceLocationTypeCombined,20250516,394761003,GP practice site (environment)
2.16.840.1.113762.1.4.1267.31,HealthcareServiceLocationTypeCombined,20250516,394777002,Health encounter sites (environment)
2.16.840.1.113762.1.4.1267.31,HealthcareServiceLocationTypeCombined,20250516,394778007,Client's or patient's home (environment)
2.16.840.1.113762.1.4.1267.31,HealthcareServiceLocationTypeCombined,20250516,394783004,Group home managed by local authority (environment)
2.16.840.1.113762.1.4.1267.31,HealthcareServiceLocationTypeCombined,20250516,394784005,Group home managed by voluntary or private agents (environment)
2.16.840.1.113762.1.4.1267.31,HealthcareServiceLocationTypeCombined,20250516,394789000,Day centre managed by local authority (environment)
2.16.840.1.113762.1.4.1267.31,HealthcareServiceLocationTypeCombined,20250516,394790009,Day centre managed by voluntary or private agents (environment)
2.16.840.1.113762.1.4.1267.31,HealthcareServiceLocationTypeCombined,20250516,394794000,Health clinic managed by voluntary or private agents (environment)
2.16.840.1.113762.1.4.1267.31,HealthcareServiceLocationTypeCombined,20250516,394797007,Resource centre managed by local authority (environment)
2.16.840.1.113762.1.4.1267.31,HealthcareServiceLocationTypeCombined,20250516,394798002,Resource centre managed by voluntary or private agents (environment)
2.16.840.1.113762.1.4.1267.31,HealthcareServiceLocationTypeCombined,20250516,394865001,Joint consultant clinic (environment)
2.16.840.1.113762.1.4.1267.31,HealthcareServiceLocationTypeCombined,20250516,397872006,Preoperative screening clinic (environment)
2.16.840.1.113762.1.4.1267.31,HealthcareServiceLocationTypeCombined,20250516,405607001,Ambulatory surgery center (environment)
2.16.840.1.113762.1.4.1267.31,HealthcareServiceLocationTypeCombined,20250516,405608006,Academic medical center (environment)
2.16.840.1.113762.1.4.1267.31,HealthcareServiceLocationTypeCombined,20250516,409518000,Mass casualty setting (environment)
2.16.840.1.113762.1.4.1267.31,HealthcareServiceLocationTypeCombined,20250516,409519008,Contained casualty setting (environment)
2.16.840.1.113762.1.4.1267.31,HealthcareServiceLocationTypeCombined,20250516,413456002,Adult day care center (environment)
2.16.840.1.113762.1.4.1267.31,HealthcareServiceLocationTypeCombined,20250516,413817003,Child day care center (environment)
2.16.840.1.113762.1.4.1267.31,HealthcareServiceLocationTypeCombined,20250516,416957006,Community medical center (environment)
2.16.840.1.113762.1.4.1267.31,HealthcareServiceLocationTypeCombined,20250516,431654006,Genitourinary medicine clinic (environment)
2.16.840.1.113762.1.4.1267.31,HealthcareServiceLocationTypeCombined,20250516,441480003,Primary care department
2.16.840.1.113762.1.4.1267.31,HealthcareServiceLocationTypeCombined,20250516,443621004,Sleep apnea clinic (environment)
2.16.840.1.113762.1.4.1267.31,HealthcareServiceLocationTypeCombined,20250516,443750004,Nonacute hospital (environment)
2.16.840.1.113762.1.4.1267.31,HealthcareServiceLocationTypeCombined,20250516,444766008,Colposcopy clinic (environment)
2.16.840.1.113762.1.4.1267.31,HealthcareServiceLocationTypeCombined,20250516,448399001,Dental hospital (environment)
2.16.840.1.113762.1.4.1267.31,HealthcareServiceLocationTypeCombined,20250516,702706001,Diabetes clinic (environment)
2.16.840.1.113762.1.4.1267.31,HealthcareServiceLocationTypeCombined,20250516,702812003,Acute pain clinic (environment)
2.16.840.1.113762.1.4.1267.31,HealthcareServiceLocationTypeCombined,20250516,702813008,Acquired immune deficiency syndrome clinic
2.16.840.1.113762.1.4.1267.31,HealthcareServiceLocationTypeCombined,20250516,702814002,Allergy clinic
2.16.840.1.113762.1.4.1267.31,HealthcareServiceLocationTypeCombined,20250516,702819007,After hours clinic
2.16.840.1.113762.1.4.1267.31,HealthcareServiceLocationTypeCombined,20250516,702821002,Amputee clinic (environment)
2.16.840.1.113762.1.4.1267.31,HealthcareServiceLocationTypeCombined,20250516,702822009,Anticoagulation clinic (environment)
2.16.840.1.113762.1.4.1267.31,HealthcareServiceLocationTypeCombined,20250516,702823004,Asthma clinic
2.16.840.1.113762.1.4.1267.31,HealthcareServiceLocationTypeCombined,20250516,702824005,Audiology clinic
2.16.840.1.113762.1.4.1267.31,HealthcareServiceLocationTypeCombined,20250516,702825006,Autism clinic
2.16.840.1.113762.1.4.1267.31,HealthcareServiceLocationTypeCombined,20250516,702826007,Bipolar clinic (environment)
2.16.840.1.113762.1.4.1267.31,HealthcareServiceLocationTypeCombined,20250516,702827003,Bone marrow transplant clinic (environment)
2.16.840.1.113762.1.4.1267.31,HealthcareServiceLocationTypeCombined,20250516,702828008,Breast clinic (environment)
2.16.840.1.113762.1.4.1267.31,HealthcareServiceLocationTypeCombined,20250516,702830005,Cardiology clinic
2.16.840.1.113762.1.4.1267.31,HealthcareServiceLocationTypeCombined,20250516,702831009,Child and adolescent medicine clinic (environment)
2.16.840.1.113762.1.4.1267.31,HealthcareServiceLocationTypeCombined,20250516,702832002,Child and adolescent neurology clinic
2.16.840.1.113762.1.4.1267.31,HealthcareServiceLocationTypeCombined,20250516,702833007,Child and adolescent psychiatry clinic
2.16.840.1.113762.1.4.1267.31,HealthcareServiceLocationTypeCombined,20250516,702834001,Child speech and language therapy clinic (environment)
2.16.840.1.113762.1.4.1267.31,HealthcareServiceLocationTypeCombined,20250516,702839006,Chronic obstructive pulmonary disease clinic
2.16.840.1.113762.1.4.1267.31,HealthcareServiceLocationTypeCombined,20250516,702840008,Chronic pain clinic (environment)
2.16.840.1.113762.1.4.1267.31,HealthcareServiceLocationTypeCombined,20250516,702841007,Cleft palate clinic (environment)
2.16.840.1.113762.1.4.1267.31,HealthcareServiceLocationTypeCombined,20250516,702842000,Congenital heart disease clinic
2.16.840.1.113762.1.4.1267.31,HealthcareServiceLocationTypeCombined,20250516,702843005,Congestive heart failure clinic
2.16.840.1.113762.1.4.1267.31,HealthcareServiceLocationTypeCombined,20250516,702844004,Cystic fibrosis clinic (environment)
2.16.840.1.113762.1.4.1267.31,HealthcareServiceLocationTypeCombined,20250516,702845003,Deep vein thrombosis clinic
2.16.840.1.113762.1.4.1267.31,HealthcareServiceLocationTypeCombined,20250516,702846002,Dental clinic
2.16.840.1.113762.1.4.1267.31,HealthcareServiceLocationTypeCombined,20250516,702847006,Dermatology clinic (environment)
2.16.840.1.113762.1.4.1267.31,HealthcareServiceLocationTypeCombined,20250516,702848001,Diabetes foot care clinic (environment)
2.16.840.1.113762.1.4.1267.31,HealthcareServiceLocationTypeCombined,20250516,702849009,Diabetes in pregnancy clinic (environment)
2.16.840.1.113762.1.4.1267.31,HealthcareServiceLocationTypeCombined,20250516,702850009,Diabetic retinopathy clinic (environment)
2.16.840.1.113762.1.4.1267.31,HealthcareServiceLocationTypeCombined,20250516,702851008,Down syndrome clinic (environment)
2.16.840.1.113762.1.4.1267.31,HealthcareServiceLocationTypeCombined,20250516,702852001,"Ear, nose and throat clinic"
2.16.840.1.113762.1.4.1267.31,HealthcareServiceLocationTypeCombined,20250516,702853006,Eating disorder clinic (environment)
2.16.840.1.113762.1.4.1267.31,HealthcareServiceLocationTypeCombined,20250516,702854000,Endocrinology clinic
2.16.840.1.113762.1.4.1267.31,HealthcareServiceLocationTypeCombined,20250516,702855004,Family medicine clinic (environment)
2.16.840.1.113762.1.4.1267.31,HealthcareServiceLocationTypeCombined,20250516,702856003,Family planning clinic
2.16.840.1.113762.1.4.1267.31,HealthcareServiceLocationTypeCombined,20250516,702857007,Fetal alcohol clinic (environment)
2.16.840.1.113762.1.4.1267.31,HealthcareServiceLocationTypeCombined,20250516,702858002,Fracture clinic
2.16.840.1.113762.1.4.1267.31,HealthcareServiceLocationTypeCombined,20250516,702859005,Gastroenterology clinic
2.16.840.1.113762.1.4.1267.31,HealthcareServiceLocationTypeCombined,20250516,702860000,General surgery clinic (environment)
2.16.840.1.113762.1.4.1267.31,HealthcareServiceLocationTypeCombined,20250516,702861001,Genetics clinic (environment)
2.16.840.1.113762.1.4.1267.31,HealthcareServiceLocationTypeCombined,20250516,702862008,Gynecology clinic (environment)
2.16.840.1.113762.1.4.1267.31,HealthcareServiceLocationTypeCombined,20250516,702863003,Hand clinic (environment)
2.16.840.1.113762.1.4.1267.31,HealthcareServiceLocationTypeCombined,20250516,702864009,Headache clinic
2.16.840.1.113762.1.4.1267.31,HealthcareServiceLocationTypeCombined,20250516,702865005,Haematology clinic
2.16.840.1.113762.1.4.1267.31,HealthcareServiceLocationTypeCombined,20250516,702866006,Haemophilia clinic
2.16.840.1.113762.1.4.1267.31,HealthcareServiceLocationTypeCombined,20250516,702867002,Hypertension clinic (environment)
2.16.840.1.113762.1.4.1267.31,HealthcareServiceLocationTypeCombined,20250516,702868007,Immunology clinic (environment)
2.16.840.1.113762.1.4.1267.31,HealthcareServiceLocationTypeCombined,20250516,702870003,Infectious disease clinic
2.16.840.1.113762.1.4.1267.31,HealthcareServiceLocationTypeCombined,20250516,702871004,Infertility clinic
2.16.840.1.113762.1.4.1267.31,HealthcareServiceLocationTypeCombined,20250516,702877000,Internal medicine clinic
2.16.840.1.113762.1.4.1267.31,HealthcareServiceLocationTypeCombined,20250516,702878005,Land ambulance
2.16.840.1.113762.1.4.1267.31,HealthcareServiceLocationTypeCombined,20250516,702879002,Laser eye clinic (environment)
2.16.840.1.113762.1.4.1267.31,HealthcareServiceLocationTypeCombined,20250516,702880004,Lymphoedema clinic
2.16.840.1.113762.1.4.1267.31,HealthcareServiceLocationTypeCombined,20250516,702881000,Medical day care
2.16.840.1.113762.1.4.1267.31,HealthcareServiceLocationTypeCombined,20250516,702882007,Mental health clinic (environment)
2.16.840.1.113762.1.4.1267.31,HealthcareServiceLocationTypeCombined,20250516,702883002,Mood or anxiety disorder clinic
2.16.840.1.113762.1.4.1267.31,HealthcareServiceLocationTypeCombined,20250516,702884008,Movement disorder clinic
2.16.840.1.113762.1.4.1267.31,HealthcareServiceLocationTypeCombined,20250516,702885009,Multiple sclerosis clinic (environment)
2.16.840.1.113762.1.4.1267.31,HealthcareServiceLocationTypeCombined,20250516,702886005,Nephrology clinic
2.16.840.1.113762.1.4.1267.31,HealthcareServiceLocationTypeCombined,20250516,702887001,Neurology clinic (environment)
2.16.840.1.113762.1.4.1267.31,HealthcareServiceLocationTypeCombined,20250516,702888006,Neuromuscular clinic
2.16.840.1.113762.1.4.1267.31,HealthcareServiceLocationTypeCombined,20250516,702889003,Neurophysiology clinic
2.16.840.1.113762.1.4.1267.31,HealthcareServiceLocationTypeCombined,20250516,702890007,Neuropsychology clinic (environment)
2.16.840.1.113762.1.4.1267.31,HealthcareServiceLocationTypeCombined,20250516,702891006,Neurosurgery clinic (environment)
2.16.840.1.113762.1.4.1267.31,HealthcareServiceLocationTypeCombined,20250516,702892004,Obstetrics and gynecology clinic (environment)
2.16.840.1.113762.1.4.1267.31,HealthcareServiceLocationTypeCombined,20250516,702893009,Occupational therapy clinic
2.16.840.1.113762.1.4.1267.31,HealthcareServiceLocationTypeCombined,20250516,702894003,Ophthalmology clinic
2.16.840.1.113762.1.4.1267.31,HealthcareServiceLocationTypeCombined,20250516,702895002,Osteoporosis clinic (environment)
2.16.840.1.113762.1.4.1267.31,HealthcareServiceLocationTypeCombined,20250516,702897005,Pain clinic
2.16.840.1.113762.1.4.1267.31,HealthcareServiceLocationTypeCombined,20250516,702898000,Parkinson's disease clinic (environment)
2.16.840.1.113762.1.4.1267.31,HealthcareServiceLocationTypeCombined,20250516,702899008,Pediatric cardiology clinic (environment)
2.16.840.1.113762.1.4.1267.31,HealthcareServiceLocationTypeCombined,20250516,702900003,Pediatric clinic
2.16.840.1.113762.1.4.1267.31,HealthcareServiceLocationTypeCombined,20250516,702901004,Paediatric dermatology clinic
2.16.840.1.113762.1.4.1267.31,HealthcareServiceLocationTypeCombined,20250516,702902006,"Pediatric ear, nose and throat clinic (environment)"
2.16.840.1.113762.1.4.1267.31,HealthcareServiceLocationTypeCombined,20250516,702903001,Pediatric endocrinology clinic (environment)
2.16.840.1.113762.1.4.1267.31,HealthcareServiceLocationTypeCombined,20250516,702904007,Pediatric gastroenterology clinic
2.16.840.1.113762.1.4.1267.31,HealthcareServiceLocationTypeCombined,20250516,702905008,Paediatric haematology clinic
2.16.840.1.113762.1.4.1267.31,HealthcareServiceLocationTypeCombined,20250516,702906009,Pediatric infectious disease clinic (environment)
2.16.840.1.113762.1.4.1267.31,HealthcareServiceLocationTypeCombined,20250516,702907000,Pediatric rheumatology clinic
2.16.840.1.113762.1.4.1267.31,HealthcareServiceLocationTypeCombined,20250516,702908005,Pediatric urology clinic (environment)
2.16.840.1.113762.1.4.1267.31,HealthcareServiceLocationTypeCombined,20250516,702909002,Paediatric oncology clinic
2.16.840.1.113762.1.4.1267.31,HealthcareServiceLocationTypeCombined,20250516,702910007,Pelvic floor clinic (environment)
2.16.840.1.113762.1.4.1267.31,HealthcareServiceLocationTypeCombined,20250516,702911006,Podiatry clinic
2.16.840.1.113762.1.4.1267.31,HealthcareServiceLocationTypeCombined,20250516,702912004,Preventive medicine clinic (environment)
2.16.840.1.113762.1.4.1267.31,HealthcareServiceLocationTypeCombined,20250516,702913009,Proctology clinic
2.16.840.1.113762.1.4.1267.31,HealthcareServiceLocationTypeCombined,20250516,702914003,Psychiatry clinic
2.16.840.1.113762.1.4.1267.31,HealthcareServiceLocationTypeCombined,20250516,702915002,Psychology clinic
2.16.840.1.113762.1.4.1267.31,HealthcareServiceLocationTypeCombined,20250516,702916001,Rehabilitation clinic (environment)
2.16.840.1.113762.1.4.1267.31,HealthcareServiceLocationTypeCombined,20250516,702917005,Respiratory disease clinic
2.16.840.1.113762.1.4.1267.31,HealthcareServiceLocationTypeCombined,20250516,702918000,Rheumatology clinic
2.16.840.1.113762.1.4.1267.31,HealthcareServiceLocationTypeCombined,20250516,702919008,Schizophrenia clinic
2.16.840.1.113762.1.4.1267.31,HealthcareServiceLocationTypeCombined,20250516,702920002,Seizure clinic
2.16.840.1.113762.1.4.1267.31,HealthcareServiceLocationTypeCombined,20250516,702921003,Sexual health clinic (environment)
2.16.840.1.113762.1.4.1267.31,HealthcareServiceLocationTypeCombined,20250516,702922005,Speech and language therapy clinic
2.16.840.1.113762.1.4.1267.31,HealthcareServiceLocationTypeCombined,20250516,702923000,Sports medicine clinic
2.16.840.1.113762.1.4.1267.31,HealthcareServiceLocationTypeCombined,20250516,702924006,Stroke clinic (environment)
2.16.840.1.113762.1.4.1267.31,HealthcareServiceLocationTypeCombined,20250516,702925007,Swallow clinic (environment)
2.16.840.1.113762.1.4.1267.31,HealthcareServiceLocationTypeCombined,20250516,702926008,Tourette syndrome clinic
2.16.840.1.113762.1.4.1267.31,HealthcareServiceLocationTypeCombined,20250516,702927004,Urgent care clinic (environment)
2.16.840.1.113762.1.4.1267.31,HealthcareServiceLocationTypeCombined,20250516,702928009,Urology clinic (environment)
2.16.840.1.113762.1.4.1267.31,HealthcareServiceLocationTypeCombined,20250516,702929001,Vertigo clinic
2.16.840.1.113762.1.4.1267.31,HealthcareServiceLocationTypeCombined,20250516,702930006,Plastic surgery clinic
2.16.840.1.113762.1.4.1267.31,HealthcareServiceLocationTypeCombined,20250516,702931005,Oncology clinic
2.16.840.1.113762.1.4.1267.31,HealthcareServiceLocationTypeCombined,20250516,702932003,Oral and maxillofacial surgery clinic
2.16.840.1.113762.1.4.1267.31,HealthcareServiceLocationTypeCombined,20250516,702933008,Orthopaedic clinic
2.16.840.1.113762.1.4.1267.31,HealthcareServiceLocationTypeCombined,20250516,702934002,Paediatric surgery clinic
2.16.840.1.113762.1.4.1267.31,HealthcareServiceLocationTypeCombined,20250516,702935001,Physiotherapy clinic
2.16.840.1.113762.1.4.1267.31,HealthcareServiceLocationTypeCombined,20250516,703069008,Nurse practitioner clinic
2.16.840.1.113762.1.4.1267.31,HealthcareServiceLocationTypeCombined,20250516,711106004,Air ambulance
2.16.840.1.113762.1.4.1267.31,HealthcareServiceLocationTypeCombined,20250516,711188001,Transplant clinic
2.16.840.1.113762.1.4.1267.31,HealthcareServiceLocationTypeCombined,20250516,712877007,Temporary clinic
2.16.840.1.113762.1.4.1267.31,HealthcareServiceLocationTypeCombined,20250516,722172003,Military health institution (environment)
2.16.840.1.113762.1.4.1267.31,HealthcareServiceLocationTypeCombined,20250516,722173008,Prison based care site (environment)
2.16.840.1.113762.1.4.1267.31,HealthcareServiceLocationTypeCombined,20250516,846608008,Chiropractic clinic (environment)
2.16.840.1.113762.1.4.1267.31,HealthcareServiceLocationTypeCombined,20250516,846609000,Community pharmacy
2.16.840.1.113762.1.4.1267.31,HealthcareServiceLocationTypeCombined,20250516,846610005,Community occupational therapy clinic
2.16.840.1.113762.1.4.1267.31,HealthcareServiceLocationTypeCombined,20250516,846611009,Community dental clinic
2.16.840.1.113762.1.4.1267.31,HealthcareServiceLocationTypeCombined,20250516,846612002,Osteopathy clinic (environment)
2.16.840.1.113762.1.4.1267.31,HealthcareServiceLocationTypeCombined,20250516,846613007,Community physiotherapy
2.16.840.1.113762.1.4.1267.31,HealthcareServiceLocationTypeCombined,20250516,846614001,Community family planning clinic
2.16.840.1.113762.1.4.1267.31,HealthcareServiceLocationTypeCombined,20250516,846664008,Community radiology (environment)
2.16.840.1.113762.1.4.1267.31,HealthcareServiceLocationTypeCombined,20250516,846665009,Community chiropractic clinic
2.16.840.1.113762.1.4.1267.31,HealthcareServiceLocationTypeCombined,20250516,846666005,Prison health centre
2.16.840.1.113762.1.4.1267.31,HealthcareServiceLocationTypeCombined,20250516,1157114001,Neuropacemaker clinic (environment)
2.16.840.1.113762.1.4.1267.31,HealthcareServiceLocationTypeCombined,20250516,1157116004,Cardiac pacemaker clinic
2.16.840.1.113762.1.4.1267.31,HealthcareServiceLocationTypeCombined,20250516,1157121001,Diaphragm pacemaker clinic (environment)
2.16.840.1.113762.1.4.1267.31,HealthcareServiceLocationTypeCombined,20250516,1157122008,Gastric pacemaker clinic
2.16.840.1.113762.1.4.1267.31,HealthcareServiceLocationTypeCombined,20250516,1163582002,COVID-19 testing site
2.16.840.1.113762.1.4.1267.31,HealthcareServiceLocationTypeCombined,20250516,1255634003,Military hospital (environment)
2.16.840.1.113762.1.4.1267.31,HealthcareServiceLocationTypeCombined,20250516,1255635002,Birth room (environment)
2.16.840.1.113762.1.4.1267.31,HealthcareServiceLocationTypeCombined,20250516,1256002002,Thermal hospital (environment)
2.16.840.1.113762.1.4.1267.31,HealthcareServiceLocationTypeCombined,20250516,1256021005,Convalescent home
2.16.840.1.113762.1.4.1267.31,HealthcareServiceLocationTypeCombined,20250516,1258860000,Overnight day care
2.16.840.1.113762.1.4.1267.31,HealthcareServiceLocationTypeCombined,20250516,1258889003,Legal medicine institution
2.16.840.1.113762.1.4.1267.31,HealthcareServiceLocationTypeCombined,20250516,1269187006,Complementary and alternative medicine center (environment)
2.16.840.1.113762.1.4.1267.31,HealthcareServiceLocationTypeCombined,20250516,1279969008,Nutrition clinic (environment)
2.16.840.1.113762.1.4.1267.31,HealthcareServiceLocationTypeCombined,20250516,1279970009,Addictive behaviour treatment centre
2.16.840.1.113762.1.4.1267.31,HealthcareServiceLocationTypeCombined,20250516,1287108001,Optometry clinic
2.16.840.1.113762.1.4.1267.31,HealthcareServiceLocationTypeCombined,20250516,1287933004,Intermediate care hospital for intellectual disability
2.16.840.1.113762.1.4.1267.31,HealthcareServiceLocationTypeCombined,20250516,1332138002,Telemedicine centre
2.16.840.1.113762.1.4.1267.31,HealthcareServiceLocationTypeCombined,20250516,1351968003,Free-standing pathology facility (environment)
2.16.840.1.113762.1.4.1267.31,HealthcareServiceLocationTypeCombined,20250516,25861000087109,Mental health and addiction center (environment)
2.16.840.1.113762.1.4.1267.31,HealthcareServiceLocationTypeCombined,20250516,34261000087105,Dispatch location (environment)
2.16.840.1.113762.1.4.1267.31,HealthcareServiceLocationTypeCombined,20250516,34271000087101,General hospital
2.16.840.1.113762.1.4.1267.31,HealthcareServiceLocationTypeCombined,20250516,34321000087109,Multidisciplinary professional practice
2.16.840.1.113762.1.4.1267.31,HealthcareServiceLocationTypeCombined,20250516,34381000087105,Satellite clinic (environment)
2.16.840.1.113762.1.4.1267.31,HealthcareServiceLocationTypeCombined,20250516,34391000087107,Single-disciplinary professional practice
2.16.840.1.113762.1.4.1267.31,HealthcareServiceLocationTypeCombined,20250516,50881000087105,Transplant center (environment)
2.16.840.1.113762.1.4.1267.11,InformationSourceForMedicationAdherence,20240329,106292003,Professional nurse
2.16.840.1.113762.1.4.1267.11,InformationSourceForMedicationAdherence,20240329,116154003,Patient
2.16.840.1.113762.1.4.1267.11,InformationSourceForMedicationAdherence,20240329,129465004,Medical record
2.16.840.1.113762.1.4.1267.11,InformationSourceForMedicationAdherence,20240329,133932002,Caregiver
2.16.840.1.113762.1.4.1267.11,InformationSourceForMedicationAdherence,20240329,224571005,Nurse practitioner
2.16.840.1.113762.1.4.1267.11,InformationSourceForMedicationAdherence,20240329,229774002,Carer
2.16.840.1.113762.1.4.1267.11,InformationSourceForMedicationAdherence,20240329,303069001,People in the transport environment
2.16.840.1.113762.1.4.1267.11,InformationSourceForMedicationAdherence,20240329,309343006,Physician
2.16.840.1.113762.1.4.1267.11,InformationSourceForMedicationAdherence,20240329,38472000,Medical alert identification bracelet
2.16.840.1.113762.1.4.1267.11,InformationSourceForMedicationAdherence,20240329,449161006,Physician assistant (occupation)
2.16.840.1.113762.1.4.1267.11,InformationSourceForMedicationAdherence,20240329,46255001,Pharmacist
2.16.840.1.113762.1.4.1240.8,MedicationAdherence,20231025,1156699004,Adheres to medication regime
2.16.840.1.113762.1.4.1240.8,MedicationAdherence,20231025,261665006,Unknown
2.16.840.1.113762.1.4.1240.8,MedicationAdherence,20231025,275927006,Drugs - total non-compliance
2.16.840.1.113762.1.4.1240.8,MedicationAdherence,20231025,275928001,Drugs - partial non-compliance
2.16.840.1.113762.1.4.1240.8,MedicationAdherence,20231025,702565001,Non-compliance of drug therapy
2.16.840.1.113762.1.4.1240.12,PregnancyStatusObservation,20240906,102874004,Unconfirmed pregnancy
2.16.840.1.113762.1.4.1240.12,PregnancyStatusObservation,20240906,60001007,Non pregnant state
2.16.840.1.113762.1.4.1240.12,PregnancyStatusObservation,20240906,77386006,Pregnancy
2.16.840.1.113762.1.4.1267.22,RouteOfAdministrationOfTherapeuticAgents,20241015,6064005,Topical route
2.16.840.1.113762.1.4.1267.22,RouteOfAdministrationOfTherapeuticAgents,20241015,10547007,Otic route
2.16.840.1.113762.1.4.1267.22,RouteOfAdministrationOfTherapeuticAgents,20241015,12130007,Intra-articular route
2.16.840.1.113762.1.4.1267.22,RouteOfAdministrationOfTherapeuticAgents,20241015,16857009,Per vagina
2.16.840.1.113762.1.4.1267.22,RouteOfAdministrationOfTherapeuticAgents,20241015,26643006,Oral route
2.16.840.1.113762.1.4.1267.22,RouteOfAdministrationOfTherapeuticAgents,20241015,34206005,Subcutaneous route
2.16.840.1.113762.1.4.1267.22,RouteOfAdministrationOfTherapeuticAgents,20241015,37161004,Per rectum
2.16.840.1.113762.1.4.1267.22,RouteOfAdministrationOfTherapeuticAgents,20241015,37737002,Intraluminal route
2.16.840.1.113762.1.4.1267.22,RouteOfAdministrationOfTherapeuticAgents,20241015,37839007,Sublingual route
2.16.840.1.113762.1.4.1267.22,RouteOfAdministrationOfTherapeuticAgents,20241015,38239002,Intraperitoneal route
2.16.840.1.113762.1.4.1267.22,RouteOfAdministrationOfTherapeuticAgents,20241015,45890007,Transdermal route
2.16.840.1.113762.1.4.1267.22,RouteOfAdministrationOfTherapeuticAgents,20241015,46713006,Nasal route
2.16.840.1.113762.1.4.1267.22,RouteOfAdministrationOfTherapeuticAgents,20241015,47625008,Intravenous route
2.16.840.1.113762.1.4.1267.22,RouteOfAdministrationOfTherapeuticAgents,20241015,54471007,Buccal route
2.16.840.1.113762.1.4.1267.22,RouteOfAdministrationOfTherapeuticAgents,20241015,54485002,Ophthalmic route
2.16.840.1.113762.1.4.1267.22,RouteOfAdministrationOfTherapeuticAgents,20241015,58100008,Intra-arterial route
2.16.840.1.113762.1.4.1267.22,RouteOfAdministrationOfTherapeuticAgents,20241015,60213007,Intramedullary route
2.16.840.1.113762.1.4.1267.22,RouteOfAdministrationOfTherapeuticAgents,20241015,62226000,Intrauterine route
2.16.840.1.113762.1.4.1267.22,RouteOfAdministrationOfTherapeuticAgents,20241015,72607000,Intrathecal route
2.16.840.1.113762.1.4.1267.22,RouteOfAdministrationOfTherapeuticAgents,20241015,78421000,Intramuscular route
2.16.840.1.113762.1.4.1267.22,RouteOfAdministrationOfTherapeuticAgents,20241015,90028008,Urethral route
2.16.840.1.113762.1.4.1267.22,RouteOfAdministrationOfTherapeuticAgents,20241015,127490009,Gastrostomy route
2.16.840.1.113762.1.4.1267.22,RouteOfAdministrationOfTherapeuticAgents,20241015,127491008,Jejunostomy route
2.16.840.1.113762.1.4.1267.22,RouteOfAdministrationOfTherapeuticAgents,20241015,127492001,Nasogastric route
2.16.840.1.113762.1.4.1267.22,RouteOfAdministrationOfTherapeuticAgents,20241015,372449004,Dental use (qualifier value)
2.16.840.1.113762.1.4.1267.22,RouteOfAdministrationOfTherapeuticAgents,20241015,372450004,Endocervical use (qualifier value)
2.16.840.1.113762.1.4.1267.22,RouteOfAdministrationOfTherapeuticAgents,20241015,372451000,Endosinusial use (qualifier value)
2.16.840.1.113762.1.4.1267.22,RouteOfAdministrationOfTherapeuticAgents,20241015,372452007,Endotracheopulmonary use (qualifier value)
2.16.840.1.113762.1.4.1267.22,RouteOfAdministrationOfTherapeuticAgents,20241015,372453002,Extra-amniotic use (qualifier value)
2.16.840.1.113762.1.4.1267.22,RouteOfAdministrationOfTherapeuticAgents,20241015,372454008,Gastroenteral use (qualifier value)
2.16.840.1.113762.1.4.1267.22,RouteOfAdministrationOfTherapeuticAgents,20241015,372457001,Gingival use (qualifier value)
2.16.840.1.113762.1.4.1267.22,RouteOfAdministrationOfTherapeuticAgents,20241015,372458006,Intraamniotic use (qualifier value)
2.16.840.1.113762.1.4.1267.22,RouteOfAdministrationOfTherapeuticAgents,20241015,372459003,Intrabursal use (qualifier value)
2.16.840.1.113762.1.4.1267.22,RouteOfAdministrationOfTherapeuticAgents,20241015,372460008,Intracardiac use (qualifier value)
2.16.840.1.113762.1.4.1267.22,RouteOfAdministrationOfTherapeuticAgents,20241015,372461007,Intracavernous use (qualifier value)
2.16.840.1.113762.1.4.1267.22,RouteOfAdministrationOfTherapeuticAgents,20241015,372462000,Intracervical use (qualifier value)
2.16.840.1.113762.1.4.1267.22,RouteOfAdministrationOfTherapeuticAgents,20241015,372463005,Intracoronary use (qualifier value)
2.16.840.1.113762.1.4.1267.22,RouteOfAdministrationOfTherapeuticAgents,20241015,372464004,Intradermal use (qualifier value)
2.16.840.1.113762.1.4.1267.22,RouteOfAdministrationOfTherapeuticAgents,20241015,372465003,Intradiscal use (qualifier value)
2.16.840.1.113762.1.4.1267.22,RouteOfAdministrationOfTherapeuticAgents,20241015,372466002,Intralesional use (qualifier value)
2.16.840.1.113762.1.4.1267.22,RouteOfAdministrationOfTherapeuticAgents,20241015,372467006,Intralymphatic use (qualifier value)
2.16.840.1.113762.1.4.1267.22,RouteOfAdministrationOfTherapeuticAgents,20241015,372468001,Intraocular use (qualifier value)
2.16.840.1.113762.1.4.1267.22,RouteOfAdministrationOfTherapeuticAgents,20241015,372469009,Intrapleural use (qualifier value)
2.16.840.1.113762.1.4.1267.22,RouteOfAdministrationOfTherapeuticAgents,20241015,372470005,Intrasternal use (qualifier value)
2.16.840.1.113762.1.4.1267.22,RouteOfAdministrationOfTherapeuticAgents,20241015,372471009,Intravesical use (qualifier value)
2.16.840.1.113762.1.4.1267.22,RouteOfAdministrationOfTherapeuticAgents,20241015,372472002,Ocular use (qualifier value)
2.16.840.1.113762.1.4.1267.22,RouteOfAdministrationOfTherapeuticAgents,20241015,372473007,Oromucosal use (qualifier value)
2.16.840.1.113762.1.4.1267.22,RouteOfAdministrationOfTherapeuticAgents,20241015,372474001,Periarticular use (qualifier value)
2.16.840.1.113762.1.4.1267.22,RouteOfAdministrationOfTherapeuticAgents,20241015,372475000,Perineural use (qualifier value)
2.16.840.1.113762.1.4.1267.22,RouteOfAdministrationOfTherapeuticAgents,20241015,372476004,Subconjunctival use (qualifier value)
2.16.840.1.113762.1.4.1267.22,RouteOfAdministrationOfTherapeuticAgents,20241015,404818005,Intratracheal route (qualifier value)
2.16.840.1.113762.1.4.1267.22,RouteOfAdministrationOfTherapeuticAgents,20241015,404819002,Intrabiliary route (qualifier value)
2.16.840.1.113762.1.4.1267.22,RouteOfAdministrationOfTherapeuticAgents,20241015,404820008,Epidural route (qualifier value)
2.16.840.1.113762.1.4.1267.22,RouteOfAdministrationOfTherapeuticAgents,20241015,416174007,Suborbital route (qualifier value)
2.16.840.1.113762.1.4.1267.22,RouteOfAdministrationOfTherapeuticAgents,20241015,417070009,Caudal route (qualifier value)
2.16.840.1.113762.1.4.1267.22,RouteOfAdministrationOfTherapeuticAgents,20241015,417255000,Intraosseous route (qualifier value)
2.16.840.1.113762.1.4.1267.22,RouteOfAdministrationOfTherapeuticAgents,20241015,417950001,Intrathoracic route (qualifier value)
2.16.840.1.113762.1.4.1267.22,RouteOfAdministrationOfTherapeuticAgents,20241015,417985001,Enteral route (qualifier value)
2.16.840.1.113762.1.4.1267.22,RouteOfAdministrationOfTherapeuticAgents,20241015,417989007,Intraductal route (qualifier value)
2.16.840.1.113762.1.4.1267.22,RouteOfAdministrationOfTherapeuticAgents,20241015,418091004,Intratympanic route (qualifier value)
2.16.840.1.113762.1.4.1267.22,RouteOfAdministrationOfTherapeuticAgents,20241015,418114005,Intravenous central route (qualifier value)
2.16.840.1.113762.1.4.1267.22,RouteOfAdministrationOfTherapeuticAgents,20241015,418133000,Intramyometrial route (qualifier value)
2.16.840.1.113762.1.4.1267.22,RouteOfAdministrationOfTherapeuticAgents,20241015,418136008,Gastro-intestinal stoma route (qualifier value)
2.16.840.1.113762.1.4.1267.22,RouteOfAdministrationOfTherapeuticAgents,20241015,418162004,Colostomy route (qualifier value)
2.16.840.1.113762.1.4.1267.22,RouteOfAdministrationOfTherapeuticAgents,20241015,418204005,Periurethral route (qualifier value)
2.16.840.1.113762.1.4.1267.22,RouteOfAdministrationOfTherapeuticAgents,20241015,418287000,Intracoronal route (qualifier value)
2.16.840.1.113762.1.4.1267.22,RouteOfAdministrationOfTherapeuticAgents,20241015,418321004,Retrobulbar route (qualifier value)
2.16.840.1.113762.1.4.1267.22,RouteOfAdministrationOfTherapeuticAgents,20241015,418331006,Intracartilaginous route (qualifier value)
2.16.840.1.113762.1.4.1267.22,RouteOfAdministrationOfTherapeuticAgents,20241015,418401004,Intravitreal route (qualifier value)
2.16.840.1.113762.1.4.1267.22,RouteOfAdministrationOfTherapeuticAgents,20241015,418418000,Intraspinal route (qualifier value)
2.16.840.1.113762.1.4.1267.22,RouteOfAdministrationOfTherapeuticAgents,20241015,418441008,Orogastric route (qualifier value)
2.16.840.1.113762.1.4.1267.22,RouteOfAdministrationOfTherapeuticAgents,20241015,418511008,Transurethral route (qualifier value)
2.16.840.1.113762.1.4.1267.22,RouteOfAdministrationOfTherapeuticAgents,20241015,418586008,Intratendinous route (qualifier value)
2.16.840.1.113762.1.4.1267.22,RouteOfAdministrationOfTherapeuticAgents,20241015,418608002,Intracorneal route (qualifier value)
2.16.840.1.113762.1.4.1267.22,RouteOfAdministrationOfTherapeuticAgents,20241015,418664002,Oropharyngeal route (qualifier value)
2.16.840.1.113762.1.4.1267.22,RouteOfAdministrationOfTherapeuticAgents,20241015,418722009,Peribulbar route (qualifier value)
2.16.840.1.113762.1.4.1267.22,RouteOfAdministrationOfTherapeuticAgents,20241015,418730005,Nasojejunal route (qualifier value)
2.16.840.1.113762.1.4.1267.22,RouteOfAdministrationOfTherapeuticAgents,20241015,418743005,Fistula route (qualifier value)
2.16.840.1.113762.1.4.1267.22,RouteOfAdministrationOfTherapeuticAgents,20241015,418813001,Surgical drain route (qualifier value)
2.16.840.1.113762.1.4.1267.22,RouteOfAdministrationOfTherapeuticAgents,20241015,418821007,Intracameral route (qualifier value)
2.16.840.1.113762.1.4.1267.22,RouteOfAdministrationOfTherapeuticAgents,20241015,418851001,Paracervical route (qualifier value)
2.16.840.1.113762.1.4.1267.22,RouteOfAdministrationOfTherapeuticAgents,20241015,418877009,Intrasynovial route (qualifier value)
2.16.840.1.113762.1.4.1267.22,RouteOfAdministrationOfTherapeuticAgents,20241015,418887008,Intraduodenal route (qualifier value)
2.16.840.1.113762.1.4.1267.22,RouteOfAdministrationOfTherapeuticAgents,20241015,418892005,Intracisternal route (qualifier value)
2.16.840.1.113762.1.4.1267.22,RouteOfAdministrationOfTherapeuticAgents,20241015,418947002,Intratesticular route (qualifier value)
2.16.840.1.113762.1.4.1267.22,RouteOfAdministrationOfTherapeuticAgents,20241015,418987007,Intracranial route (qualifier value)
2.16.840.1.113762.1.4.1267.22,RouteOfAdministrationOfTherapeuticAgents,20241015,419021003,Tumour cavity route (qualifier value)
2.16.840.1.113762.1.4.1267.22,RouteOfAdministrationOfTherapeuticAgents,20241015,419165009,Paravertebral route (qualifier value)
2.16.840.1.113762.1.4.1267.22,RouteOfAdministrationOfTherapeuticAgents,20241015,419231003,Intrasinal route (qualifier value)
2.16.840.1.113762.1.4.1267.22,RouteOfAdministrationOfTherapeuticAgents,20241015,419243002,Transcervical route (qualifier value)
2.16.840.1.113762.1.4.1267.22,RouteOfAdministrationOfTherapeuticAgents,20241015,419320008,Subtendinous route (qualifier value)
2.16.840.1.113762.1.4.1267.22,RouteOfAdministrationOfTherapeuticAgents,20241015,419396008,Intraabdominal route (qualifier value)
2.16.840.1.113762.1.4.1267.22,RouteOfAdministrationOfTherapeuticAgents,20241015,419601003,Subgingival route (qualifier value)
2.16.840.1.113762.1.4.1267.22,RouteOfAdministrationOfTherapeuticAgents,20241015,419631009,Intraovarian route (qualifier value)
2.16.840.1.113762.1.4.1267.22,RouteOfAdministrationOfTherapeuticAgents,20241015,419684008,Ureteral route (qualifier value)
2.16.840.1.113762.1.4.1267.22,RouteOfAdministrationOfTherapeuticAgents,20241015,419762003,Peritendinous route (qualifier value)
2.16.840.1.113762.1.4.1267.22,RouteOfAdministrationOfTherapeuticAgents,20241015,419778001,Intrabronchial route (qualifier value)
2.16.840.1.113762.1.4.1267.22,RouteOfAdministrationOfTherapeuticAgents,20241015,419810008,Intraprostatic route (qualifier value)
2.16.840.1.113762.1.4.1267.22,RouteOfAdministrationOfTherapeuticAgents,20241015,419874009,Submucosal route (qualifier value)
2.16.840.1.113762.1.4.1267.22,RouteOfAdministrationOfTherapeuticAgents,20241015,419894000,Surgical cavity route (qualifier value)
2.16.840.1.113762.1.4.1267.22,RouteOfAdministrationOfTherapeuticAgents,20241015,419954003,Ileostomy route (qualifier value)
2.16.840.1.113762.1.4.1267.22,RouteOfAdministrationOfTherapeuticAgents,20241015,419993007,Intravenous peripheral route (qualifier value)
2.16.840.1.113762.1.4.1267.22,RouteOfAdministrationOfTherapeuticAgents,20241015,420047004,Periosteal route (qualifier value)
2.16.840.1.113762.1.4.1267.22,RouteOfAdministrationOfTherapeuticAgents,20241015,420163009,Oesophagostomy route (qualifier value)
2.16.840.1.113762.1.4.1267.22,RouteOfAdministrationOfTherapeuticAgents,20241015,420168000,Urostomy route (qualifier value)
2.16.840.1.113762.1.4.1267.22,RouteOfAdministrationOfTherapeuticAgents,20241015,420185003,Laryngeal route (qualifier value)
2.16.840.1.113762.1.4.1267.22,RouteOfAdministrationOfTherapeuticAgents,20241015,420201002,Intrapulmonary route (qualifier value)
2.16.840.1.113762.1.4.1267.22,RouteOfAdministrationOfTherapeuticAgents,20241015,420204005,Mucous fistula route (qualifier value)
2.16.840.1.113762.1.4.1267.22,RouteOfAdministrationOfTherapeuticAgents,20241015,420218003,Nasoduodenal route (qualifier value)
2.16.840.1.113762.1.4.1267.22,RouteOfAdministrationOfTherapeuticAgents,20241015,420254004,Body cavity route (qualifier value)
2.16.840.1.113762.1.4.1267.22,RouteOfAdministrationOfTherapeuticAgents,20241015,420287000,Intraventricular route - cardiac (qualifier value)
2.16.840.1.113762.1.4.1267.22,RouteOfAdministrationOfTherapeuticAgents,20241015,420719007,Intracerebroventricular route (qualifier value)
2.16.840.1.113762.1.4.1267.22,RouteOfAdministrationOfTherapeuticAgents,20241015,428191002,Percutaneous route (qualifier value)
2.16.840.1.113762.1.4.1267.22,RouteOfAdministrationOfTherapeuticAgents,20241015,429817007,Interstitial route (qualifier value)
2.16.840.1.113762.1.4.1267.22,RouteOfAdministrationOfTherapeuticAgents,20241015,445752009,Intraesophageal route (qualifier value)
2.16.840.1.113762.1.4.1267.22,RouteOfAdministrationOfTherapeuticAgents,20241015,445754005,Intragingival route (qualifier value)
2.16.840.1.113762.1.4.1267.22,RouteOfAdministrationOfTherapeuticAgents,20241015,445755006,Intravascular route (qualifier value)
2.16.840.1.113762.1.4.1267.22,RouteOfAdministrationOfTherapeuticAgents,20241015,445756007,Intradural route (qualifier value)
2.16.840.1.113762.1.4.1267.22,RouteOfAdministrationOfTherapeuticAgents,20241015,445767008,Intrameningeal route (qualifier value)
2.16.840.1.113762.1.4.1267.22,RouteOfAdministrationOfTherapeuticAgents,20241015,445768003,Intragastric route (qualifier value)
2.16.840.1.113762.1.4.1267.22,RouteOfAdministrationOfTherapeuticAgents,20241015,445771006,Intrapericardial route (qualifier value)
2.16.840.1.113762.1.4.1267.22,RouteOfAdministrationOfTherapeuticAgents,20241015,445913005,Intralingual route (qualifier value)
2.16.840.1.113762.1.4.1267.22,RouteOfAdministrationOfTherapeuticAgents,20241015,445941009,Intrahepatic route (qualifier value)
2.16.840.1.113762.1.4.1267.22,RouteOfAdministrationOfTherapeuticAgents,20241015,446105004,Conjunctival route (qualifier value)
2.16.840.1.113762.1.4.1267.22,RouteOfAdministrationOfTherapeuticAgents,20241015,446407004,Intraepicardial route (qualifier value)
2.16.840.1.113762.1.4.1267.22,RouteOfAdministrationOfTherapeuticAgents,20241015,446435000,Transendocardial route (qualifier value)
2.16.840.1.113762.1.4.1267.22,RouteOfAdministrationOfTherapeuticAgents,20241015,446442000,Transplacental route (qualifier value)
2.16.840.1.113762.1.4.1267.22,RouteOfAdministrationOfTherapeuticAgents,20241015,446540005,Intracerebral route (qualifier value)
2.16.840.1.113762.1.4.1267.22,RouteOfAdministrationOfTherapeuticAgents,20241015,447026006,Intraileal route (qualifier value)
2.16.840.1.113762.1.4.1267.22,RouteOfAdministrationOfTherapeuticAgents,20241015,447052000,Periodontal route (qualifier value)
2.16.840.1.113762.1.4.1267.22,RouteOfAdministrationOfTherapeuticAgents,20241015,447080003,Peridural route (qualifier value)
2.16.840.1.113762.1.4.1267.22,RouteOfAdministrationOfTherapeuticAgents,20241015,447081004,Lower respiratory tract route (qualifier value)
2.16.840.1.113762.1.4.1267.22,RouteOfAdministrationOfTherapeuticAgents,20241015,447121004,Intramammary route (qualifier value)
2.16.840.1.113762.1.4.1267.22,RouteOfAdministrationOfTherapeuticAgents,20241015,447122006,Intratumor route (qualifier value)
2.16.840.1.113762.1.4.1267.22,RouteOfAdministrationOfTherapeuticAgents,20241015,447227007,Transtympanic route (qualifier value)
2.16.840.1.113762.1.4.1267.22,RouteOfAdministrationOfTherapeuticAgents,20241015,447229005,Transtracheal route (qualifier value)
2.16.840.1.113762.1.4.1267.22,RouteOfAdministrationOfTherapeuticAgents,20241015,447694001,Respiratory tract route (qualifier value)
2.16.840.1.113762.1.4.1267.22,RouteOfAdministrationOfTherapeuticAgents,20241015,447964005,Digestive tract route (qualifier value)
2.16.840.1.113762.1.4.1267.22,RouteOfAdministrationOfTherapeuticAgents,20241015,448077001,Intraepidermal route (qualifier value)
2.16.840.1.113762.1.4.1267.22,RouteOfAdministrationOfTherapeuticAgents,20241015,448491004,Intrajejunal route (qualifier value)
2.16.840.1.113762.1.4.1267.22,RouteOfAdministrationOfTherapeuticAgents,20241015,448492006,Intracolonic route (qualifier value)
2.16.840.1.113762.1.4.1267.22,RouteOfAdministrationOfTherapeuticAgents,20241015,448598008,Cutaneous route (qualifier value)
2.16.840.1.113762.1.4.1267.22,RouteOfAdministrationOfTherapeuticAgents,20241015,697971008,Ateriovenous fistula route
2.16.840.1.113762.1.4.1267.22,RouteOfAdministrationOfTherapeuticAgents,20241015,711360002,Intraneural route (qualifier value)
2.16.840.1.113762.1.4.1267.22,RouteOfAdministrationOfTherapeuticAgents,20241015,711378007,Intramural route (qualifier value)
2.16.840.1.113762.1.4.1267.22,RouteOfAdministrationOfTherapeuticAgents,20241015,714743009,Extracorporeal route (qualifier value)
2.16.840.1.113762.1.4.1267.22,RouteOfAdministrationOfTherapeuticAgents,20241015,718329006,Infiltration route (qualifier value)
2.16.840.1.113762.1.4.1267.22,RouteOfAdministrationOfTherapeuticAgents,20241015,764723001,Epilesional route (qualifier value)
2.16.840.1.113762.1.4.1267.22,RouteOfAdministrationOfTherapeuticAgents,20241015,766790006,Extracorporeal hemodialysis route (qualifier value)
2.16.840.1.113762.1.4.1267.22,RouteOfAdministrationOfTherapeuticAgents,20241015,876824003,Intradialytic route
2.16.840.1.113762.1.4.1267.22,RouteOfAdministrationOfTherapeuticAgents,20241015,1254769004,Suprachoroidal route
2.16.840.1.113762.1.4.1267.22,RouteOfAdministrationOfTherapeuticAgents,20241015,1259221004,Intracorporus cavernosum route (qualifier value)
2.16.840.1.113762.1.4.1267.22,RouteOfAdministrationOfTherapeuticAgents,20241015,1611000175109,Sublesional route (qualifier value)
2.16.840.1.113762.1.4.1267.22,RouteOfAdministrationOfTherapeuticAgents,20241015,58751000052109,Intraglandular route (qualifier value)
2.16.840.1.113762.1.4.1267.22,RouteOfAdministrationOfTherapeuticAgents,20241015,58761000052107,Intracholangiopancreatic route
2.16.840.1.113762.1.4.1267.22,RouteOfAdministrationOfTherapeuticAgents,20241015,58771000052103,Intraportal route
2.16.840.1.113762.1.4.1267.22,RouteOfAdministrationOfTherapeuticAgents,20241015,58811000052103,Peritumoral route (qualifier value)
2.16.840.1.113762.1.4.1267.22,RouteOfAdministrationOfTherapeuticAgents,20241015,58821000052106,Posterior juxtascleral route (qualifier value)
2.16.840.1.113762.1.4.1267.22,RouteOfAdministrationOfTherapeuticAgents,20241015,58831000052108,Subretinal route (qualifier value)
2.16.840.1.113762.1.4.1267.22,RouteOfAdministrationOfTherapeuticAgents,20241015,66621000052103,Sublabial use
2.16.840.1.113762.1.4.1240.3,Sex,20230628,184115007,Patient sex unknown
2.16.840.1.113762.1.4.1240.3,Sex,20230628,248152002,Female
2.16.840.1.113762.1.4.1240.3,Sex,20230628,248153007,Male
2.16.840.1.113762.1.4.1240.11,SexualOrientationIncludingNullsAndDataAbsentReason,20231129,20430005,Normal sexual state
2.16.840.1.113762.1.4.1240.11,SexualOrientationIncludingNullsAndDataAbsentReason,20231129,38628009,Homosexual state
2.16.840.1.113762.1.4.1240.11,SexualOrientationIncludingNullsAndDataAbsentReason,20231129,42035005,Facultative homosexual state
2.16.840.1.113762.1.4.1240.11,SexualOrientationIncludingNullsAndDataAbsentReason,20231129,765288000,Sexually attracted to neither sex
2.16.840.1.113762.1.4.1267.3,SmokingStatusComprehensive,20240217,8392000,Non-smoker
2.16.840.1.113762.1.4.1267.3,SmokingStatusComprehensive,20240217,8517006,Former smoker
2.16.840.1.113762.1.4.1267.3,SmokingStatusComprehensive,20240217,43381005,Passive smoker
2.16.840.1.113762.1.4.1267.3,SmokingStatusComprehensive,20240217,53896009,Tolerant ex-smoker
2.16.840.1.113762.1.4.1267.3,SmokingStatusComprehensive,20240217,56578002,Moderate smoker (20 or less per day)
2.16.840.1.113762.1.4.1267.3,SmokingStatusComprehensive,20240217,56771006,Heavy smoker (over 20 per day)
2.16.840.1.113762.1.4.1267.3,SmokingStatusComprehensive,20240217,59978006,Cigar smoker
2.16.840.1.113762.1.4.1267.3,SmokingStatusComprehensive,20240217,65568007,Cigarette smoker
2.16.840.1.113762.1.4.1267.3,SmokingStatusComprehensive,20240217,77176002,Smoker
2.16.840.1.113762.1.4.1267.3,SmokingStatusComprehensive,20240217,81703003,Chewing tobacco user
2.16.840.1.113762.1.4.1267.3,SmokingStatusComprehensive,20240217,82302008,Pipe smoker
2.16.840.1.113762.1.4.1267.3,SmokingStatusComprehensive,20240217,87739003,Tolerant non-smoker
2.16.840.1.113762.1.4.1267.3,SmokingStatusComprehensive,20240217,105539002,Non-smoker for personal reasons
2.16.840.1.113762.1.4.1267.3,SmokingStatusComprehensive,20240217,105540000,Non-smoker for religious reasons
2.16.840.1.113762.1.4.1267.3,SmokingStatusComprehensive,20240217,105541001,Non-smoker for medical reasons
2.16.840.1.113762.1.4.1267.3,SmokingStatusComprehensive,20240217,110483000,Tobacco user
2.16.840.1.113762.1.4.1267.3,SmokingStatusComprehensive,20240217,134406006,Smoking reduced
2.16.840.1.113762.1.4.1267.3,SmokingStatusComprehensive,20240217,160603005,Light cigarette smoker (1-9 cigs/day)
2.16.840.1.113762.1.4.1267.3,SmokingStatusComprehensive,20240217,160604004,Moderate cigarette smoker (10-19 cigs/day)
2.16.840.1.113762.1.4.1267.3,SmokingStatusComprehensive,20240217,160605003,Heavy cigarette smoker (20-39 cigs/day)
2.16.840.1.113762.1.4.1267.3,SmokingStatusComprehensive,20240217,160606002,Very heavy cigarette smoker (40+ cigs/day)
2.16.840.1.113762.1.4.1267.3,SmokingStatusComprehensive,20240217,160612007,Keeps trying to stop smoking
2.16.840.1.113762.1.4.1267.3,SmokingStatusComprehensive,20240217,160613002,Admitted tobacco cons untrue ?
2.16.840.1.113762.1.4.1267.3,SmokingStatusComprehensive,20240217,160614008,Tobacco consumption unknown
2.16.840.1.113762.1.4.1267.3,SmokingStatusComprehensive,20240217,160616005,Trying to give up smoking
2.16.840.1.113762.1.4.1267.3,SmokingStatusComprehensive,20240217,160617001,Stopped smoking
2.16.840.1.113762.1.4.1267.3,SmokingStatusComprehensive,20240217,160619003,Rolls own cigarettes
2.16.840.1.113762.1.4.1267.3,SmokingStatusComprehensive,20240217,160620009,Ex-pipe smoker
2.16.840.1.113762.1.4.1267.3,SmokingStatusComprehensive,20240217,160621008,Ex-cigar smoker
2.16.840.1.113762.1.4.1267.3,SmokingStatusComprehensive,20240217,228491005,Does not use snuff
2.16.840.1.113762.1.4.1267.3,SmokingStatusComprehensive,20240217,228492003,Never used snuff
2.16.840.1.113762.1.4.1267.3,SmokingStatusComprehensive,20240217,228493008,Ex-snuff user
2.16.840.1.113762.1.4.1267.3,SmokingStatusComprehensive,20240217,228494002,Snuff user
2.16.840.1.113762.1.4.1267.3,SmokingStatusComprehensive,20240217,228499007,Finding relating to moist tobacco use
2.16.840.1.113762.1.4.1267.3,SmokingStatusComprehensive,20240217,228501004,Does not use moist powdered tobacco
2.16.840.1.113762.1.4.1267.3,SmokingStatusComprehensive,20240217,228502006,Never used moist powdered tobacco
2.16.840.1.113762.1.4.1267.3,SmokingStatusComprehensive,20240217,228503001,Ex-user of moist powdered tobacco
2.16.840.1.113762.1.4.1267.3,SmokingStatusComprehensive,20240217,228504007,User of moist powdered tobacco
2.16.840.1.113762.1.4.1267.3,SmokingStatusComprehensive,20240217,228509002,Finding relating to tobacco chewing
2.16.840.1.113762.1.4.1267.3,SmokingStatusComprehensive,20240217,228511006,Does not chew tobacco
2.16.840.1.113762.1.4.1267.3,SmokingStatusComprehensive,20240217,228512004,Never chewed tobacco
2.16.840.1.113762.1.4.1267.3,SmokingStatusComprehensive,20240217,228513009,Ex-tobacco chewer
2.16.840.1.113762.1.4.1267.3,SmokingStatusComprehensive,20240217,228514003,Chews plug tobacco
2.16.840.1.113762.1.4.1267.3,SmokingStatusComprehensive,20240217,228515002,Chews twist tobacco
2.16.840.1.113762.1.4.1267.3,SmokingStatusComprehensive,20240217,228516001,Chews loose leaf tobacco
2.16.840.1.113762.1.4.1267.3,SmokingStatusComprehensive,20240217,228517005,Chews fine cut tobacco
2.16.840.1.113762.1.4.1267.3,SmokingStatusComprehensive,20240217,228518000,Chews products containing tobacco
2.16.840.1.113762.1.4.1267.3,SmokingStatusComprehensive,20240217,228523000,Exposed to tobacco smoke at work
2.16.840.1.113762.1.4.1267.3,SmokingStatusComprehensive,20240217,228524006,Exposed to tobacco smoke at home
2.16.840.1.113762.1.4.1267.3,SmokingStatusComprehensive,20240217,228525007,Exposed to tobacco smoke in public places
2.16.840.1.113762.1.4.1267.3,SmokingStatusComprehensive,20240217,230059006,Trivial cigarette smoker
2.16.840.1.113762.1.4.1267.3,SmokingStatusComprehensive,20240217,230060001,Light cigarette smoker
2.16.840.1.113762.1.4.1267.3,SmokingStatusComprehensive,20240217,230062009,Moderate cigarette smoker
2.16.840.1.113762.1.4.1267.3,SmokingStatusComprehensive,20240217,230063004,Heavy cigarette smoker
2.16.840.1.113762.1.4.1267.3,SmokingStatusComprehensive,20240217,230064005,Very heavy cigarette smoker
2.16.840.1.113762.1.4.1267.3,SmokingStatusComprehensive,20240217,230065006,Chain smoker
2.16.840.1.113762.1.4.1267.3,SmokingStatusComprehensive,20240217,266919005,Never smoked
2.16.840.1.113762.1.4.1267.3,SmokingStatusComprehensive,20240217,266920004,Occasional smoker
2.16.840.1.113762.1.4.1267.3,SmokingStatusComprehensive,20240217,266921000,Ex-trivial cigarette smoker (<1/day)
2.16.840.1.113762.1.4.1267.3,SmokingStatusComprehensive,20240217,266922007,Ex-light cigarette smoker (1-9/day)
2.16.840.1.113762.1.4.1267.3,SmokingStatusComprehensive,20240217,266923002,Ex-moderate cigarette smoker (10-19/day)
2.16.840.1.113762.1.4.1267.3,SmokingStatusComprehensive,20240217,266924008,Ex-heavy cigarette smoker (20-39/day)
2.16.840.1.113762.1.4.1267.3,SmokingStatusComprehensive,20240217,266925009,Ex-very heavy cigarette smoker (40+/day)
2.16.840.1.113762.1.4.1267.3,SmokingStatusComprehensive,20240217,266927001,Tobacco smoking consumption unknown
2.16.840.1.113762.1.4.1267.3,SmokingStatusComprehensive,20240217,266928006,Ex-cigarette smoker amount unknown
2.16.840.1.113762.1.4.1267.3,SmokingStatusComprehensive,20240217,266929003,Smoking started - finding
2.16.840.1.113762.1.4.1267.3,SmokingStatusComprehensive,20240217,281018007,Ex-cigarette smoker
2.16.840.1.113762.1.4.1267.3,SmokingStatusComprehensive,20240217,308438006,Smoking restarted - finding
2.16.840.1.113762.1.4.1267.3,SmokingStatusComprehensive,20240217,360890004,Intolerant ex-smoker
2.16.840.1.113762.1.4.1267.3,SmokingStatusComprehensive,20240217,360900008,Aggressive ex-smoker
2.16.840.1.113762.1.4.1267.3,SmokingStatusComprehensive,20240217,360918006,Aggressive non-smoker
2.16.840.1.113762.1.4.1267.3,SmokingStatusComprehensive,20240217,360929005,Intolerant non-smoker
2.16.840.1.113762.1.4.1267.3,SmokingStatusComprehensive,20240217,365981007,Tobacco smoking behavior - finding
2.16.840.1.113762.1.4.1267.3,SmokingStatusComprehensive,20240217,365982000,Tobacco smoking consumption - finding
2.16.840.1.113762.1.4.1267.3,SmokingStatusComprehensive,20240217,365983005,Snuff use - finding
2.16.840.1.113762.1.4.1267.3,SmokingStatusComprehensive,20240217,394871007,Thinking about stopping smoking (observable entity)
2.16.840.1.113762.1.4.1267.3,SmokingStatusComprehensive,20240217,394872000,Ready to stop smoking (finding)
2.16.840.1.113762.1.4.1267.3,SmokingStatusComprehensive,20240217,394873005,Not interested in stopping smoking (finding)
2.16.840.1.113762.1.4.1267.3,SmokingStatusComprehensive,20240217,405746006,Current non smoker but past smoking history unknown (finding)
2.16.840.1.113762.1.4.1267.3,SmokingStatusComprehensive,20240217,427189007,Maternal tobacco use (finding)
2.16.840.1.113762.1.4.1267.3,SmokingStatusComprehensive,20240217,446172000,Failed attempt to stop smoking (finding)
2.16.840.1.113762.1.4.1267.3,SmokingStatusComprehensive,20240217,449345000,Smoked before confirmation of pregnancy (finding)
2.16.840.1.113762.1.4.1267.3,SmokingStatusComprehensive,20240217,449368009,Stopped smoking during pregnancy (finding)
2.16.840.1.113762.1.4.1267.3,SmokingStatusComprehensive,20240217,449369001,Stopped smoking before pregnancy (finding)
2.16.840.1.113762.1.4.1267.3,SmokingStatusComprehensive,20240217,449867007,Uses moist tobacco occasionally (finding)
2.16.840.1.113762.1.4.1267.3,SmokingStatusComprehensive,20240217,449868002,Smokes tobacco daily
2.16.840.1.113762.1.4.1267.3,SmokingStatusComprehensive,20240217,449869005,Uses moist tobacco daily
2.16.840.1.113762.1.4.1267.3,SmokingStatusComprehensive,20240217,702975009,Ex-tobacco user
2.16.840.1.113762.1.4.1267.3,SmokingStatusComprehensive,20240217,702979003,Never used tobacco
2.16.840.1.113762.1.4.1267.3,SmokingStatusComprehensive,20240217,711563001,No known exposure to tobacco smoke (finding)
2.16.840.1.113762.1.4.1267.3,SmokingStatusComprehensive,20240217,713914004,User of smokeless tobacco (finding)
2.16.840.1.113762.1.4.1267.3,SmokingStatusComprehensive,20240217,735128000,Ex-smoker for less than 1 year (finding)
2.16.840.1.113762.1.4.1267.3,SmokingStatusComprehensive,20240217,1343585008,Maternal tobacco abuse
2.16.840.1.113762.1.4.1267.3,SmokingStatusComprehensive,20240217,1351230006,Reduced smoking during pregnancy
2.16.840.1.113762.1.4.1267.3,SmokingStatusComprehensive,20240217,48031000119106,Ex-smoker for more than 1 year (finding)
2.16.840.1.113762.1.4.1267.3,SmokingStatusComprehensive,20240217,100801000119107,Maternal tobacco use in pregnancy (finding)
2.16.840.1.113762.1.4.1267.3,SmokingStatusComprehensive,20240217,428041000124106,Occasional tobacco smoker
2.16.840.1.113762.1.4.1267.3,SmokingStatusComprehensive,20240217,598071000005103,Stopped smoking in first trimester
2.16.840.1.113762.1.4.1267.3,SmokingStatusComprehensive,20240217,598081000005100,Stopped smoking after first trimester (finding)
2.16.840.1.113762.1.4.1267.3,SmokingStatusComprehensive,20240217,10761391000119102,Tobacco use in mother complicating childbirth (finding)
2.16.840.1.113762.1.4.1267.3,SmokingStatusComprehensive,20240217,722499006,Electronic cigarette user (finding)
2.16.840.1.113762.1.4.1267.3,SmokingStatusComprehensive,20240217,785889008,Nicotine-filled electronic cigarette user (finding)
2.16.840.1.113762.1.4.1267.3,SmokingStatusComprehensive,20240217,786063001,Non-nicotine-filled electronic cigarette user
2.16.840.1.113762.1.4.1267.3,SmokingStatusComprehensive,20240217,1137691001,Trying to give up vaping
2.16.840.1.113762.1.4.1267.3,SmokingStatusComprehensive,20240217,35341000087101,Daily e-cigarette user
2.16.840.1.113762.1.4.1267.3,SmokingStatusComprehensive,20240217,35371000087109,Occasional e-cigarette user
2.16.840.1.113762.1.4.1267.3,SmokingStatusComprehensive,20240217,51441000087107,Cannabis-filled electronic cigarette user (finding)
2.16.840.1.113762.1.4.1267.3,SmokingStatusComprehensive,20240217,699009004,History of exposure to second hand smoke
2.16.840.1.113762.1.4.1267.3,SmokingStatusComprehensive,20240217,762296001,History of exposure to tobacco smoke in perinatal period
2.16.840.1.113762.1.4.1267.3,SmokingStatusComprehensive,20240217,16090371000119103,Exposure to second hand tobacco smoke (event)
2.16.840.1.113762.1.4.1267.3,SmokingStatusComprehensive,20240217,16090771000119104,Occupational exposure to environmental tobacco smoke (event)
2.16.840.1.113762.1.4.1267.3,SmokingStatusComprehensive,20240217,275105001,Smoker in the family
2.16.840.1.113762.1.4.1267.3,SmokingStatusComprehensive,20240217,161077003,Father smokes
2.16.840.1.113762.1.4.1267.3,SmokingStatusComprehensive,20240217,161078008,Mother smokes
2.16.840.1.113762.1.4.1267.3,SmokingStatusComprehensive,20240217,161079000,Both parents smoke
2.16.840.1.113762.1.4.1267.6,SmokingStatusType,20240222,401201003,Cigarette pack-years (observable entity)
2.16.840.1.113762.1.4.1267.6,SmokingStatusType,20240222,782516008,Number of calculated pack years for cumulative lifetime tobacco exposure (observable entity)
2.16.840.1.113762.1.4.1267.24,SpecimenConditionSCT,20250529,118127007,Specimen lipemic
2.16.840.1.113762.1.4.1267.24,SpecimenConditionSCT,20250529,118129005,Specimen icteric
2.16.840.1.113762.1.4.1267.24,SpecimenConditionSCT,20250529,125152006,Specimen satisfactory for evaluation
2.16.840.1.113762.1.4.1267.24,SpecimenConditionSCT,20250529,125153001,Specimen satisfactory for evaluation but limited
2.16.840.1.113762.1.4.1267.24,SpecimenConditionSCT,20250529,125159002,Unsatisfactory for evaluation due to lack of patient identification on the specimen and/or requisition form
2.16.840.1.113762.1.4.1267.24,SpecimenConditionSCT,20250529,1354565009,Device containing specimen broken (finding)
2.16.840.1.113762.1.4.1267.24,SpecimenConditionSCT,20250529,281263003,Sample leaked
2.16.840.1.113762.1.4.1267.24,SpecimenConditionSCT,20250529,281265005,Sample incorrectly labelled
2.16.840.1.113762.1.4.1267.24,SpecimenConditionSCT,20250529,281270003,Sample delayed in transit
2.16.840.1.113762.1.4.1267.24,SpecimenConditionSCT,20250529,397212007,Specimen type not specified (finding)
2.16.840.1.113762.1.4.1267.24,SpecimenConditionSCT,20250529,733480003,Sample decomposed (finding)
2.16.840.1.113762.1.4.1267.24,SpecimenConditionSCT,20250529,84567002,Specimen obscured by blood
2.16.840.1.113762.1.4.1099.54,SpecimenType,20240606,40511003,Eluate
2.16.840.1.113762.1.4.1099.54,SpecimenType,20240606,48469005,Cytologic material
2.16.840.1.113762.1.4.1099.54,SpecimenType,20240606,110893002,Cutaneous cytologic material
2.16.840.1.113762.1.4.1099.54,SpecimenType,20240606,110894008,Mammary cytologic material
2.16.840.1.113762.1.4.1099.54,SpecimenType,20240606,110896005,Subcutaneous cytologic material
2.16.840.1.113762.1.4.1099.54,SpecimenType,20240606,110897001,Bone marrow cytological material
2.16.840.1.113762.1.4.1099.54,SpecimenType,20240606,110898006,Lymph node cytologic material
2.16.840.1.113762.1.4.1099.54,SpecimenType,20240606,110899003,Breast nipple cytologic material
2.16.840.1.113762.1.4.1099.54,SpecimenType,20240606,110900008,Skeletal muscle cytologic material
2.16.840.1.113762.1.4.1099.54,SpecimenType,20240606,110901007,Bone cytologic material
2.16.840.1.113762.1.4.1099.54,SpecimenType,20240606,110902000,Upper respiratory tract cytologic material
2.16.840.1.113762.1.4.1099.54,SpecimenType,20240606,110903005,Nasal cytologic material
2.16.840.1.113762.1.4.1099.54,SpecimenType,20240606,110904004,Accessory sinus cytologic material
2.16.840.1.113762.1.4.1099.54,SpecimenType,20240606,110905003,Nasopharyngeal cytologic material
2.16.840.1.113762.1.4.1099.54,SpecimenType,20240606,110906002,Lower respiratory tract cytologic material
2.16.840.1.113762.1.4.1099.54,SpecimenType,20240606,110907006,Epiglottic cytologic material
2.16.840.1.113762.1.4.1099.54,SpecimenType,20240606,110908001,Laryngeal cytologic material
2.16.840.1.113762.1.4.1099.54,SpecimenType,20240606,110909009,Vocal cord cytologic material
2.16.840.1.113762.1.4.1099.54,SpecimenType,20240606,110910004,Lung cytologic material
2.16.840.1.113762.1.4.1099.54,SpecimenType,20240606,110912007,Bronchial cytologic material
2.16.840.1.113762.1.4.1099.54,SpecimenType,20240606,110913002,Pleural cytologic material
2.16.840.1.113762.1.4.1099.54,SpecimenType,20240606,110914008,Right upper lobe bronchus cytologic material
2.16.840.1.113762.1.4.1099.54,SpecimenType,20240606,110915009,Right pleural cytologic material
2.16.840.1.113762.1.4.1099.54,SpecimenType,20240606,110916005,Right lower lobe bronchus cytologic material
2.16.840.1.113762.1.4.1099.54,SpecimenType,20240606,110917001,Left pleural cytologic material
2.16.840.1.113762.1.4.1099.54,SpecimenType,20240606,110918006,Left upper lobe bronchus cytologic material
2.16.840.1.113762.1.4.1099.54,SpecimenType,20240606,110919003,Pericardial cytologic material
2.16.840.1.113762.1.4.1099.54,SpecimenType,20240606,110920009,Tracheal cytologic material
2.16.840.1.113762.1.4.1099.54,SpecimenType,20240606,110921008,Right middle lobe bronchus cytologic material
2.16.840.1.113762.1.4.1099.54,SpecimenType,20240606,110922001,Left bronchial cytologic material
2.16.840.1.113762.1.4.1099.54,SpecimenType,20240606,110923006,Left lower lobe bronchus cytologic material
2.16.840.1.113762.1.4.1099.54,SpecimenType,20240606,110924000,Right bronchial cytologic material
2.16.840.1.113762.1.4.1099.54,SpecimenType,20240606,110925004,Cytologic material of mouth
2.16.840.1.113762.1.4.1099.54,SpecimenType,20240606,110926003,Gallbladder cytologic material
2.16.840.1.113762.1.4.1099.54,SpecimenType,20240606,110927007,Liver cytologic material
2.16.840.1.113762.1.4.1099.54,SpecimenType,20240606,110928002,Bile duct cytologic material
2.16.840.1.113762.1.4.1099.54,SpecimenType,20240606,110929005,Pancreatic cytologic material
2.16.840.1.113762.1.4.1099.54,SpecimenType,20240606,110930000,Salivary gland cytologic material
2.16.840.1.113762.1.4.1099.54,SpecimenType,20240606,110931001,Penis cytologic material
2.16.840.1.113762.1.4.1099.54,SpecimenType,20240606,110932008,Parotid gland cytologic material
2.16.840.1.113762.1.4.1099.54,SpecimenType,20240606,110933003,Prostate cytologic material
2.16.840.1.113762.1.4.1099.54,SpecimenType,20240606,110934009,Pharyngeal cytologic material
2.16.840.1.113762.1.4.1099.54,SpecimenType,20240606,110935005,Testis cytologic material
2.16.840.1.113762.1.4.1099.54,SpecimenType,20240606,110936006,Gastric cytologic material
2.16.840.1.113762.1.4.1099.54,SpecimenType,20240606,110937002,Seminal vesicle cytologic material
2.16.840.1.113762.1.4.1099.54,SpecimenType,20240606,110938007,Duodenal cytologic material
2.16.840.1.113762.1.4.1099.54,SpecimenType,20240606,110939004,Vas deferens cytologic material
2.16.840.1.113762.1.4.1099.54,SpecimenType,20240606,110940002,Ileal cytologic material
2.16.840.1.113762.1.4.1099.54,SpecimenType,20240606,110941003,Epididymis cytologic material
2.16.840.1.113762.1.4.1099.54,SpecimenType,20240606,110942005,Rectal cytologic material
2.16.840.1.113762.1.4.1099.54,SpecimenType,20240606,110943000,Renal pelvis cytologic material
2.16.840.1.113762.1.4.1099.54,SpecimenType,20240606,110944006,Peritoneal cytologic material
2.16.840.1.113762.1.4.1099.54,SpecimenType,20240606,110945007,Vulva cytologic material
2.16.840.1.113762.1.4.1099.54,SpecimenType,20240606,110946008,Upper urinary tract cytologic material
2.16.840.1.113762.1.4.1099.54,SpecimenType,20240606,110947004,Vagina cytologic material
2.16.840.1.113762.1.4.1099.54,SpecimenType,20240606,110948009,Kidney cytologic material
2.16.840.1.113762.1.4.1099.54,SpecimenType,20240606,110949001,Cervix cytologic material
2.16.840.1.113762.1.4.1099.54,SpecimenType,20240606,110950001,Urinary bladder cytologic material
2.16.840.1.113762.1.4.1099.54,SpecimenType,20240606,110951002,Endocervical cytologic material
2.16.840.1.113762.1.4.1099.54,SpecimenType,20240606,110952009,Submaxillary gland cytologic material
2.16.840.1.113762.1.4.1099.54,SpecimenType,20240606,110953004,Vaginal-cervical cytologic material
2.16.840.1.113762.1.4.1099.54,SpecimenType,20240606,110954005,Small intestine cytologic material
2.16.840.1.113762.1.4.1099.54,SpecimenType,20240606,110955006,Endometrium cytologic material
2.16.840.1.113762.1.4.1099.54,SpecimenType,20240606,110956007,Colonic cytologic material
2.16.840.1.113762.1.4.1099.54,SpecimenType,20240606,110957003,Fallopian tube cytologic material
2.16.840.1.113762.1.4.1099.54,SpecimenType,20240606,110958008,Urinary tract cytologic material
2.16.840.1.113762.1.4.1099.54,SpecimenType,20240606,110959000,Placenta cytologic material
2.16.840.1.113762.1.4.1099.54,SpecimenType,20240606,110960005,Ureter cytologic material
2.16.840.1.113762.1.4.1099.54,SpecimenType,20240606,110961009,Chorion cytologic material
2.16.840.1.113762.1.4.1099.54,SpecimenType,20240606,110962002,Esophageal cytologic material
2.16.840.1.113762.1.4.1099.54,SpecimenType,20240606,110963007,Anal cytologic material
2.16.840.1.113762.1.4.1099.54,SpecimenType,20240606,110964001,Lower urinary tract cytologic material
2.16.840.1.113762.1.4.1099.54,SpecimenType,20240606,110965000,Urethra cytologic material
2.16.840.1.113762.1.4.1099.54,SpecimenType,20240606,110966004,Jejunal cytologic material
2.16.840.1.113762.1.4.1099.54,SpecimenType,20240606,110967008,Amnion cytologic material
2.16.840.1.113762.1.4.1099.54,SpecimenType,20240606,110968003,Fetal cytologic material
2.16.840.1.113762.1.4.1099.54,SpecimenType,20240606,110969006,Cerebrospinal fluid cytologic material
2.16.840.1.113762.1.4.1099.54,SpecimenType,20240606,110970007,Cerebroventricular fluid cytologic material
2.16.840.1.113762.1.4.1099.54,SpecimenType,20240606,116155002,Ampulla of Vater cytologic material
2.16.840.1.113762.1.4.1099.54,SpecimenType,20240606,116156001,Gastrointestinal tract cytologic material
2.16.840.1.113762.1.4.1099.54,SpecimenType,20240606,116157005,Heart cytologic material
2.16.840.1.113762.1.4.1099.54,SpecimenType,20240606,116158000,Large intestine cytologic material
2.16.840.1.113762.1.4.1099.54,SpecimenType,20240606,116159008,Upper aerodigestive tract cytologic material
2.16.840.1.113762.1.4.1099.54,SpecimenType,20240606,116160003,Thyroid cytologic material
2.16.840.1.113762.1.4.1099.54,SpecimenType,20240606,116161004,"Fine needle aspirate of thyroid, cytologic material"
2.16.840.1.113762.1.4.1099.54,SpecimenType,20240606,116162006,"Thyroid cytologic material, processed intraoperatively"
2.16.840.1.113762.1.4.1099.54,SpecimenType,20240606,116213003,Ovary cytologic material
2.16.840.1.113762.1.4.1099.54,SpecimenType,20240606,119294007,Dried blood specimen
2.16.840.1.113762.1.4.1099.54,SpecimenType,20240606,119295008,Specimen obtained by aspiration
2.16.840.1.113762.1.4.1099.54,SpecimenType,20240606,119297000,Blood specimen
2.16.840.1.113762.1.4.1099.54,SpecimenType,20240606,119298005,Mixed venous blood specimen
2.16.840.1.113762.1.4.1099.54,SpecimenType,20240606,119299002,Specimen from patient
2.16.840.1.113762.1.4.1099.54,SpecimenType,20240606,119300005,Specimen from blood product
2.16.840.1.113762.1.4.1099.54,SpecimenType,20240606,119301009,Plant specimen
2.16.840.1.113762.1.4.1099.54,SpecimenType,20240606,119302002,Mushroom specimen
2.16.840.1.113762.1.4.1099.54,SpecimenType,20240606,119303007,Microbial isolate specimen
2.16.840.1.113762.1.4.1099.54,SpecimenType,20240606,119304001,Blood bag specimen
2.16.840.1.113762.1.4.1099.54,SpecimenType,20240606,119305000,Plasma bag specimen
2.16.840.1.113762.1.4.1099.54,SpecimenType,20240606,119307008,Endotracheal tube specimen
2.16.840.1.113762.1.4.1099.54,SpecimenType,20240606,119308003,Cannula specimen
2.16.840.1.113762.1.4.1099.54,SpecimenType,20240606,119309006,Arterial line specimen
2.16.840.1.113762.1.4.1099.54,SpecimenType,20240606,119311002,Catheter specimen
2.16.840.1.113762.1.4.1099.54,SpecimenType,20240606,119312009,Catheter tip specimen
2.16.840.1.113762.1.4.1099.54,SpecimenType,20240606,119313004,Implantable venous catheter specimen
2.16.840.1.113762.1.4.1099.54,SpecimenType,20240606,119314005,Electrode specimen
2.16.840.1.113762.1.4.1099.54,SpecimenType,20240606,119316007,Non-biological fluid specimen
2.16.840.1.113762.1.4.1099.54,SpecimenType,20240606,119317003,Gaseous material specimen
2.16.840.1.113762.1.4.1099.54,SpecimenType,20240606,119318008,Water specimen
2.16.840.1.113762.1.4.1099.54,SpecimenType,20240606,119319000,Drug specimen
2.16.840.1.113762.1.4.1099.54,SpecimenType,20240606,119320006,Food specimen
2.16.840.1.113762.1.4.1099.54,SpecimenType,20240606,119321005,Milk specimen
2.16.840.1.113762.1.4.1099.54,SpecimenType,20240606,119323008,Pus specimen
2.16.840.1.113762.1.4.1099.54,SpecimenType,20240606,119324002,Specimen of unknown material
2.16.840.1.113762.1.4.1099.54,SpecimenType,20240606,119325001,Skin specimen
2.16.840.1.113762.1.4.1099.54,SpecimenType,20240606,119326000,Hair specimen
2.16.840.1.113762.1.4.1099.54,SpecimenType,20240606,119327009,Nail specimen
2.16.840.1.113762.1.4.1099.54,SpecimenType,20240606,119328004,Mother's milk specimen
2.16.840.1.113762.1.4.1099.54,SpecimenType,20240606,119329007,Colostrum specimen
2.16.840.1.113762.1.4.1099.54,SpecimenType,20240606,119331003,Skeletal muscle specimen
2.16.840.1.113762.1.4.1099.54,SpecimenType,20240606,119332005,Synovial fluid specimen
2.16.840.1.113762.1.4.1099.54,SpecimenType,20240606,119333000,Fibroblast specimen
2.16.840.1.113762.1.4.1099.54,SpecimenType,20240606,119334006,Sputum specimen
2.16.840.1.113762.1.4.1099.54,SpecimenType,20240606,119335007,Coughed sputum specimen
2.16.840.1.113762.1.4.1099.54,SpecimenType,20240606,119336008,Exhaled air specimen
2.16.840.1.113762.1.4.1099.54,SpecimenType,20240606,119337004,Inhaled gas specimen
2.16.840.1.113762.1.4.1099.54,SpecimenType,20240606,119338009,Dentin specimen
2.16.840.1.113762.1.4.1099.54,SpecimenType,20240606,119339001,Stool specimen
2.16.840.1.113762.1.4.1099.54,SpecimenType,20240606,119340004,Meconium specimen
2.16.840.1.113762.1.4.1099.54,SpecimenType,20240606,119341000,Bile specimen
2.16.840.1.113762.1.4.1099.54,SpecimenType,20240606,119342007,Saliva specimen
2.16.840.1.113762.1.4.1099.54,SpecimenType,20240606,119343002,Pancreatic fluid specimen
2.16.840.1.113762.1.4.1099.54,SpecimenType,20240606,119344008,Specimen from genital system
2.16.840.1.113762.1.4.1099.54,SpecimenType,20240606,119345009,Menstrual blood specimen
2.16.840.1.113762.1.4.1099.54,SpecimenType,20240606,119346005,Egg yolk specimen
2.16.840.1.113762.1.4.1099.54,SpecimenType,20240606,119347001,Seminal fluid specimen
2.16.840.1.113762.1.4.1099.54,SpecimenType,20240606,119348006,Seminal plasma specimen
2.16.840.1.113762.1.4.1099.54,SpecimenType,20240606,119349003,Spermatozoa specimen
2.16.840.1.113762.1.4.1099.54,SpecimenType,20240606,119350003,Calculus specimen
2.16.840.1.113762.1.4.1099.54,SpecimenType,20240606,119351004,Erythrocyte specimen
2.16.840.1.113762.1.4.1099.54,SpecimenType,20240606,119352006,Macrophage specimen
2.16.840.1.113762.1.4.1099.54,SpecimenType,20240606,119353001,Lymphocyte specimen
2.16.840.1.113762.1.4.1099.54,SpecimenType,20240606,119355008,Polymorphonuclear neutrophil specimen
2.16.840.1.113762.1.4.1099.54,SpecimenType,20240606,119356009,Eosinophil specimen
2.16.840.1.113762.1.4.1099.54,SpecimenType,20240606,119357000,Basophil specimen
2.16.840.1.113762.1.4.1099.54,SpecimenType,20240606,119358005,Platelet specimen
2.16.840.1.113762.1.4.1099.54,SpecimenType,20240606,119359002,Bone marrow specimen
2.16.840.1.113762.1.4.1099.54,SpecimenType,20240606,119361006,Plasma specimen
2.16.840.1.113762.1.4.1099.54,SpecimenType,20240606,119362004,Platelet poor plasma specimen
2.16.840.1.113762.1.4.1099.54,SpecimenType,20240606,119363009,Platelet rich plasma specimen
2.16.840.1.113762.1.4.1099.54,SpecimenType,20240606,119364003,Serum specimen
2.16.840.1.113762.1.4.1099.54,SpecimenType,20240606,119365002,Specimen from wound
2.16.840.1.113762.1.4.1099.54,SpecimenType,20240606,119366001,Specimen from wound abscess
2.16.840.1.113762.1.4.1099.54,SpecimenType,20240606,119367005,Specimen from burn injury
2.16.840.1.113762.1.4.1099.54,SpecimenType,20240606,119368000,Specimen from cyst
2.16.840.1.113762.1.4.1099.54,SpecimenType,20240606,119369008,Specimen from ulcer
2.16.840.1.113762.1.4.1099.54,SpecimenType,20240606,119370009,Specimen from fistula
2.16.840.1.113762.1.4.1099.54,SpecimenType,20240606,119371008,Specimen from abscess
2.16.840.1.113762.1.4.1099.54,SpecimenType,20240606,119373006,Amniotic fluid specimen
2.16.840.1.113762.1.4.1099.54,SpecimenType,20240606,119376003,Tissue specimen
2.16.840.1.113762.1.4.1099.54,SpecimenType,20240606,119377007,Myocardial specimen
2.16.840.1.113762.1.4.1099.54,SpecimenType,20240606,119378002,Endocardial specimen
2.16.840.1.113762.1.4.1099.54,SpecimenType,20240606,119379005,Specimen from stomach
2.16.840.1.113762.1.4.1099.54,SpecimenType,20240606,119380008,Specimen from small intestine
2.16.840.1.113762.1.4.1099.54,SpecimenType,20240606,119381007,Specimen from large intestine
2.16.840.1.113762.1.4.1099.54,SpecimenType,20240606,119382000,Specimen from colon
2.16.840.1.113762.1.4.1099.54,SpecimenType,20240606,119383005,Specimen from liver
2.16.840.1.113762.1.4.1099.54,SpecimenType,20240606,119384004,Specimen from right fallopian tube
2.16.840.1.113762.1.4.1099.54,SpecimenType,20240606,119385003,Specimen from left fallopian tube
2.16.840.1.113762.1.4.1099.54,SpecimenType,20240606,119386002,Specimen from prostate
2.16.840.1.113762.1.4.1099.54,SpecimenType,20240606,119388001,Specimen from internal nose
2.16.840.1.113762.1.4.1099.54,SpecimenType,20240606,119389009,Specimen from throat
2.16.840.1.113762.1.4.1099.54,SpecimenType,20240606,119390000,Specimen from trachea
2.16.840.1.113762.1.4.1099.54,SpecimenType,20240606,119391001,Specimen from bronchus
2.16.840.1.113762.1.4.1099.54,SpecimenType,20240606,119392008,Specimen from anus
2.16.840.1.113762.1.4.1099.54,SpecimenType,20240606,119393003,Specimen from urethra
2.16.840.1.113762.1.4.1099.54,SpecimenType,20240606,119394009,Specimen from vagina
2.16.840.1.113762.1.4.1099.54,SpecimenType,20240606,119395005,Specimen from uterine cervix
2.16.840.1.113762.1.4.1099.54,SpecimenType,20240606,119396006,Specimen from endometrium
2.16.840.1.113762.1.4.1099.54,SpecimenType,20240606,119397002,Specimen from penis
2.16.840.1.113762.1.4.1099.54,SpecimenType,20240606,119398007,Specimen from brain
2.16.840.1.113762.1.4.1099.54,SpecimenType,20240606,119399004,Specimen from eye
2.16.840.1.113762.1.4.1099.54,SpecimenType,20240606,119400006,Specimen from cornea
2.16.840.1.113762.1.4.1099.54,SpecimenType,20240606,119401005,Specimen from conjunctiva
2.16.840.1.113762.1.4.1099.54,SpecimenType,20240606,119403008,Specimen from placenta
2.16.840.1.113762.1.4.1099.54,SpecimenType,20240606,122550002,Specimen obtained by fine needle aspiration procedure
2.16.840.1.113762.1.4.1099.54,SpecimenType,20240606,122551003,Peripheral blood specimen
2.16.840.1.113762.1.4.1099.54,SpecimenType,20240606,122552005,Arterial blood specimen
2.16.840.1.113762.1.4.1099.54,SpecimenType,20240606,122553000,Blood specimen obtained from umbilicus
2.16.840.1.113762.1.4.1099.54,SpecimenType,20240606,122554006,Capillary blood specimen
2.16.840.1.113762.1.4.1099.54,SpecimenType,20240606,122555007,Venous blood specimen
2.16.840.1.113762.1.4.1099.54,SpecimenType,20240606,122556008,Cord blood specimen
2.16.840.1.113762.1.4.1099.54,SpecimenType,20240606,122557004,Cord blood specimen from fetus
2.16.840.1.113762.1.4.1099.54,SpecimenType,20240606,122558009,Blood specimen from blood product
2.16.840.1.113762.1.4.1099.54,SpecimenType,20240606,122559001,Blood specimen from control
2.16.840.1.113762.1.4.1099.54,SpecimenType,20240606,122560006,Blood specimen from donor
2.16.840.1.113762.1.4.1099.54,SpecimenType,20240606,122561005,Blood specimen from patient
2.16.840.1.113762.1.4.1099.54,SpecimenType,20240606,122562003,Blood specimen from newborn
2.16.840.1.113762.1.4.1099.54,SpecimenType,20240606,122563008,"Blood bag specimen, from patient"
2.16.840.1.113762.1.4.1099.54,SpecimenType,20240606,122564002,"Blood bag specimen, from blood product"
2.16.840.1.113762.1.4.1099.54,SpecimenType,20240606,122565001,Urinary catheter specimen
2.16.840.1.113762.1.4.1099.54,SpecimenType,20240606,122566000,Fluid specimen from wound
2.16.840.1.113762.1.4.1099.54,SpecimenType,20240606,122567009,Urine sediment specimen
2.16.840.1.113762.1.4.1099.54,SpecimenType,20240606,122568004,Exudate specimen from wound
2.16.840.1.113762.1.4.1099.54,SpecimenType,20240606,122569007,Sweat specimen
2.16.840.1.113762.1.4.1099.54,SpecimenType,20240606,122571007,Pericardial fluid specimen
2.16.840.1.113762.1.4.1099.54,SpecimenType,20240606,122572000,Vomitus specimen
2.16.840.1.113762.1.4.1099.54,SpecimenType,20240606,122573005,Gastric contents specimen
2.16.840.1.113762.1.4.1099.54,SpecimenType,20240606,122574004,Duodenal fluid specimen
2.16.840.1.113762.1.4.1099.54,SpecimenType,20240606,122575003,Urine specimen
2.16.840.1.113762.1.4.1099.54,SpecimenType,20240606,122576002,Genital mucus specimen
2.16.840.1.113762.1.4.1099.54,SpecimenType,20240606,122577006,Cervical mucus specimen
2.16.840.1.113762.1.4.1099.54,SpecimenType,20240606,122578001,Female genital fluid specimen
2.16.840.1.113762.1.4.1099.54,SpecimenType,20240606,122579009,Genital lochia specimen
2.16.840.1.113762.1.4.1099.54,SpecimenType,20240606,122580007,Cerumen specimen
2.16.840.1.113762.1.4.1099.54,SpecimenType,20240606,122581006,Erythrocyte specimen from blood donor
2.16.840.1.113762.1.4.1099.54,SpecimenType,20240606,122582004,Erythrocyte specimen from blood product
2.16.840.1.113762.1.4.1099.54,SpecimenType,20240606,122583009,Erythrocyte specimen from patient
2.16.840.1.113762.1.4.1099.54,SpecimenType,20240606,122584003,Leukocyte specimen from patient
2.16.840.1.113762.1.4.1099.54,SpecimenType,20240606,122585002,Leukocyte specimen from control
2.16.840.1.113762.1.4.1099.54,SpecimenType,20240606,122587005,Platelet poor plasma specimen from control
2.16.840.1.113762.1.4.1099.54,SpecimenType,20240606,122588000,Platelet poor plasma specimen from patient
2.16.840.1.113762.1.4.1099.54,SpecimenType,20240606,122589008,Serum specimen from donor
2.16.840.1.113762.1.4.1099.54,SpecimenType,20240606,122590004,Serum specimen from patient
2.16.840.1.113762.1.4.1099.54,SpecimenType,20240606,122591000,Serum specimen from blood product
2.16.840.1.113762.1.4.1099.54,SpecimenType,20240606,122592007,Acellular blood (serum or plasma) specimen
2.16.840.1.113762.1.4.1099.54,SpecimenType,20240606,122593002,Tissue specimen obtained from ulcer
2.16.840.1.113762.1.4.1099.54,SpecimenType,20240606,122594008,Tears specimen
2.16.840.1.113762.1.4.1099.54,SpecimenType,20240606,122595009,Specimen from breast obtained by total mastectomy
2.16.840.1.113762.1.4.1099.54,SpecimenType,20240606,122596005,"Specimen from breast obtained by complete excision of lesion, less than total mastectomy"
2.16.840.1.113762.1.4.1099.54,SpecimenType,20240606,122597001,"Specimen from breast obtained by complete excision, less than total mastectomy, with axillary contents"
2.16.840.1.113762.1.4.1099.54,SpecimenType,20240606,122598006,"Specimen from breast obtained by complete excision, less than total mastectomy, without axillary contents"
2.16.840.1.113762.1.4.1099.54,SpecimenType,20240606,122599003,Specimen from breast obtained by radical mastectomy
2.16.840.1.113762.1.4.1099.54,SpecimenType,20240606,122600000,Specimen from breast obtained by modified radical mastectomy
2.16.840.1.113762.1.4.1099.54,SpecimenType,20240606,122601001,Specimen from breast obtained by biopsy
2.16.840.1.113762.1.4.1099.54,SpecimenType,20240606,122602008,Tissue specimen from biopsy of upper aerodigestive tract
2.16.840.1.113762.1.4.1099.54,SpecimenType,20240606,122604009,Specimen from lung obtained by wedge resection
2.16.840.1.113762.1.4.1099.54,SpecimenType,20240606,122605005,Specimen from lung obtained by segmentectomy
2.16.840.1.113762.1.4.1099.54,SpecimenType,20240606,122606006,Specimen from lung obtained by lobectomy
2.16.840.1.113762.1.4.1099.54,SpecimenType,20240606,122607002,Specimen from lung obtained by pneumonectomy
2.16.840.1.113762.1.4.1099.54,SpecimenType,20240606,122608007,Specimen from lung obtained by major airway resection
2.16.840.1.113762.1.4.1099.54,SpecimenType,20240606,122609004,Specimen from lung obtained by bronchial washing procedure
2.16.840.1.113762.1.4.1099.54,SpecimenType,20240606,122610009,Specimen from lung obtained by biopsy
2.16.840.1.113762.1.4.1099.54,SpecimenType,20240606,122611008,Specimen from lung obtained by fiberoptic bronchoscopic biopsy
2.16.840.1.113762.1.4.1099.54,SpecimenType,20240606,122613006,Specimen from lung obtained by mediastinoscopic biopsy
2.16.840.1.113762.1.4.1099.54,SpecimenType,20240606,122614000,Specimen from lung obtained by fine needle aspiration procedure
2.16.840.1.113762.1.4.1099.54,SpecimenType,20240606,122616003,Specimen from pleura obtained by open thoracotomy and biopsy
2.16.840.1.113762.1.4.1099.54,SpecimenType,20240606,122617007,Specimen from pleura obtained by percutaneous needle biopsy
2.16.840.1.113762.1.4.1099.54,SpecimenType,20240606,122618002,Specimen from pleura obtained by fine needle aspiration procedure
2.16.840.1.113762.1.4.1099.54,SpecimenType,20240606,122619005,Specimen from pleura obtained by thoracentesis
2.16.840.1.113762.1.4.1099.54,SpecimenType,20240606,122620004,Specimen from pleura obtained by thoracoscopic procedure
2.16.840.1.113762.1.4.1099.54,SpecimenType,20240606,122621000,Specimen from pleura obtained by thoracoscopic biopsy
2.16.840.1.113762.1.4.1099.54,SpecimenType,20240606,122622007,Specimen from pleura obtained by lymph node biopsy
2.16.840.1.113762.1.4.1099.54,SpecimenType,20240606,122623002,Specimen from heart obtained by biopsy
2.16.840.1.113762.1.4.1099.54,SpecimenType,20240606,122624008,Specimen from heart obtained by excisional biopsy of lesion
2.16.840.1.113762.1.4.1099.54,SpecimenType,20240606,122625009,Specimen from heart obtained by incisional biopsy
2.16.840.1.113762.1.4.1099.54,SpecimenType,20240606,122626005,Specimen from heart obtained by fine needle aspiration procedure
2.16.840.1.113762.1.4.1099.54,SpecimenType,20240606,122627001,Specimen from gastrointestinal tract obtained by incisional biopsy
2.16.840.1.113762.1.4.1099.54,SpecimenType,20240606,122628006,Specimen from esophagus obtained by incisional biopsy
2.16.840.1.113762.1.4.1099.54,SpecimenType,20240606,122629003,Specimen from esophagus obtained by excisional biopsy of lesion
2.16.840.1.113762.1.4.1099.54,SpecimenType,20240606,122630008,Specimen from esophagus obtained by esophageal resection
2.16.840.1.113762.1.4.1099.54,SpecimenType,20240606,122631007,Specimen from esophagus obtained by esophagogastrectomy
2.16.840.1.113762.1.4.1099.54,SpecimenType,20240606,122632000,Specimen from stomach obtained by incisional biopsy
2.16.840.1.113762.1.4.1099.54,SpecimenType,20240606,122633005,Specimen from stomach obtained by excisional biopsy (polypectomy) of lesion
2.16.840.1.113762.1.4.1099.54,SpecimenType,20240606,122634004,Specimen from stomach obtained by total gastrectomy
2.16.840.1.113762.1.4.1099.54,SpecimenType,20240606,122635003,Specimen from stomach obtained by partial gastrectomy
2.16.840.1.113762.1.4.1099.54,SpecimenType,20240606,122636002,Specimen from proximal stomach obtained by partial gastrectomy
2.16.840.1.113762.1.4.1099.54,SpecimenType,20240606,122637006,Specimen from distal stomach obtained by partial gastrectomy
2.16.840.1.113762.1.4.1099.54,SpecimenType,20240606,122638001,Tissue specimen from small intestine
2.16.840.1.113762.1.4.1099.54,SpecimenType,20240606,122639009,Specimen from duodenum obtained by Whipple resection
2.16.840.1.113762.1.4.1099.54,SpecimenType,20240606,122640006,Specimen from jejunum obtained by segmental resection
2.16.840.1.113762.1.4.1099.54,SpecimenType,20240606,122641005,Specimen from ileum obtained by segmental resection
2.16.840.1.113762.1.4.1099.54,SpecimenType,20240606,122642003,Specimen from distal ileum obtained by right hemicolectomy
2.16.840.1.113762.1.4.1099.54,SpecimenType,20240606,122643008,Tissue specimen from large intestine
2.16.840.1.113762.1.4.1099.54,SpecimenType,20240606,122644002,Specimen from large intestine obtained by incisional biopsy
2.16.840.1.113762.1.4.1099.54,SpecimenType,20240606,122645001,Specimen from large intestine obtained by excisional biopsy (polypectomy) of lesion
2.16.840.1.113762.1.4.1099.54,SpecimenType,20240606,122646000,Specimen from large intestine obtained by abdominoperineal resection
2.16.840.1.113762.1.4.1099.54,SpecimenType,20240606,122647009,Specimen from large intestine obtained by total abdominal colectomy
2.16.840.1.113762.1.4.1099.54,SpecimenType,20240606,122648004,Specimen from colon obtained by right hemicolectomy
2.16.840.1.113762.1.4.1099.54,SpecimenType,20240606,122649007,Specimen from colon obtained by transverse colectomy
2.16.840.1.113762.1.4.1099.54,SpecimenType,20240606,122650007,Specimen from colon obtained by left hemicolectomy
2.16.840.1.113762.1.4.1099.54,SpecimenType,20240606,122651006,Specimen from colon obtained by sigmoidectomy
2.16.840.1.113762.1.4.1099.54,SpecimenType,20240606,122652004,Specimen from colon obtained by rectal (low anterior) resection
2.16.840.1.113762.1.4.1099.54,SpecimenType,20240606,122653009,Specimen from rectum obtained by transanal disk excision
2.16.840.1.113762.1.4.1099.54,SpecimenType,20240606,122654003,"Specimen from rectum obtained by transanal disk excision, intact"
2.16.840.1.113762.1.4.1099.54,SpecimenType,20240606,122655002,"Specimen from rectum obtained by transanal disk excision, fragmented"
2.16.840.1.113762.1.4.1099.54,SpecimenType,20240606,122656001,Tissue specimen from gall bladder
2.16.840.1.113762.1.4.1099.54,SpecimenType,20240606,122657005,Specimen from ampulla of Vater obtained by incisional biopsy
2.16.840.1.113762.1.4.1099.54,SpecimenType,20240606,122658000,Specimen from ampulla of Vater obtained by ampullectomy
2.16.840.1.113762.1.4.1099.54,SpecimenType,20240606,122659008,Specimen from ampulla of Vater obtained by pancreaticoduodenectomy
2.16.840.1.113762.1.4.1099.54,SpecimenType,20240606,122660003,Specimen from ampulla of Vater obtained by pylorus-sparing pancreaticoduodenectomy
2.16.840.1.113762.1.4.1099.54,SpecimenType,20240606,122661004,Specimen from pancreas obtained by partial pancreatectomy
2.16.840.1.113762.1.4.1099.54,SpecimenType,20240606,122662006,Specimen from pancreatic body obtained by partial resection
2.16.840.1.113762.1.4.1099.54,SpecimenType,20240606,122663001,Specimen from pancreatic tail obtained by partial resection
2.16.840.1.113762.1.4.1099.54,SpecimenType,20240606,122664007,Specimen from pancreas obtained by total pancreatectomy
2.16.840.1.113762.1.4.1099.54,SpecimenType,20240606,122665008,Specimen from pancreas obtained by pancreaticoduodenectomy (Whipple resection)
2.16.840.1.113762.1.4.1099.54,SpecimenType,20240606,122666009,Specimen from pancreas obtained by pylorus sparing pancreaticoduodenectomy
2.16.840.1.113762.1.4.1099.54,SpecimenType,20240606,122667000,Specimen from pancreas obtained by incisional biopsy
2.16.840.1.113762.1.4.1099.54,SpecimenType,20240606,122668005,Specimen from urinary tract obtained by transurethral excision
2.16.840.1.113762.1.4.1099.54,SpecimenType,20240606,122669002,Specimen from urinary tract obtained by anterior exenteration
2.16.840.1.113762.1.4.1099.54,SpecimenType,20240606,122670001,Specimen from kidney obtained by (core) needle biopsy
2.16.840.1.113762.1.4.1099.54,SpecimenType,20240606,122671002,Specimen from kidney obtained by fine needle aspiration procedure
2.16.840.1.113762.1.4.1099.54,SpecimenType,20240606,122672009,Specimen from kidney obtained by incisional biopsy
2.16.840.1.113762.1.4.1099.54,SpecimenType,20240606,122673004,Specimen from kidney obtained by wedge biopsy
2.16.840.1.113762.1.4.1099.54,SpecimenType,20240606,122674005,Specimen from right kidney obtained by radical nephrectomy
2.16.840.1.113762.1.4.1099.54,SpecimenType,20240606,122675006,"Specimen from right kidney obtained by radical nephrectomy, without adrenal"
2.16.840.1.113762.1.4.1099.54,SpecimenType,20240606,122676007,Specimen from right kidney obtained by partial nephrectomy
2.16.840.1.113762.1.4.1099.54,SpecimenType,20240606,122677003,"Specimen from right kidney, inferior pole obtained by partial nephrectomy"
2.16.840.1.113762.1.4.1099.54,SpecimenType,20240606,122678008,"Specimen from right kidney, middle pole obtained by partial nephrectomy"
2.16.840.1.113762.1.4.1099.54,SpecimenType,20240606,122679000,"Specimen from right kidney, superior pole obtained by partial nephrectomy"
2.16.840.1.113762.1.4.1099.54,SpecimenType,20240606,122680002,Specimen from left kidney obtained by radical nephrectomy
2.16.840.1.113762.1.4.1099.54,SpecimenType,20240606,122681003,"Specimen from left kidney obtained by radical nephrectomy, without adrenal"
2.16.840.1.113762.1.4.1099.54,SpecimenType,20240606,122682005,Specimen from left kidney obtained by partial nephrectomy
2.16.840.1.113762.1.4.1099.54,SpecimenType,20240606,122683000,"Specimen from left kidney, inferior pole obtained by partial nephrectomy"
2.16.840.1.113762.1.4.1099.54,SpecimenType,20240606,122684006,"Specimen from left kidney, middle pole obtained by partial nephrectomy"
2.16.840.1.113762.1.4.1099.54,SpecimenType,20240606,122685007,"Specimen from left kidney, superior pole obtained by partial nephrectomy"
2.16.840.1.113762.1.4.1099.54,SpecimenType,20240606,122686008,Specimen from urinary tract obtained by partial cystectomy
2.16.840.1.113762.1.4.1099.54,SpecimenType,20240606,122687004,Specimen from urinary tract obtained by total cystectomy
2.16.840.1.113762.1.4.1099.54,SpecimenType,20240606,122688009,Specimen from urinary tract obtained by radical cystoprostatectomy
2.16.840.1.113762.1.4.1099.54,SpecimenType,20240606,122689001,Specimen from right kidney obtained by radical nephrectomy and adrenalectomy
2.16.840.1.113762.1.4.1099.54,SpecimenType,20240606,122690005,Specimen from left kidney obtained by radical nephrectomy and adrenalectomy
2.16.840.1.113762.1.4.1099.54,SpecimenType,20240606,122691009,Specimen from vagina obtained by incisional biopsy
2.16.840.1.113762.1.4.1099.54,SpecimenType,20240606,122692002,Specimen from vagina obtained by excisional biopsy of lesion
2.16.840.1.113762.1.4.1099.54,SpecimenType,20240606,122693007,Specimen from vagina obtained by vaginectomy
2.16.840.1.113762.1.4.1099.54,SpecimenType,20240606,122694001,Specimen from vagina obtained by radical vaginectomy
2.16.840.1.113762.1.4.1099.54,SpecimenType,20240606,122696004,Specimen from uterus obtained by radical hysterectomy
2.16.840.1.113762.1.4.1099.54,SpecimenType,20240606,122697008,Specimen from uterus obtained by pelvic exenteration
2.16.840.1.113762.1.4.1099.54,SpecimenType,20240606,122698003,Specimen from uterine cervix obtained by incisional biopsy
2.16.840.1.113762.1.4.1099.54,SpecimenType,20240606,122699006,Specimen from uterine cervix obtained by excisional biopsy (cone biopsy) of lesion
2.16.840.1.113762.1.4.1099.54,SpecimenType,20240606,122700007,Specimen from uterine cervix obtained by hysterectomy
2.16.840.1.113762.1.4.1099.54,SpecimenType,20240606,122701006,Specimen from uterine cervix obtained by radical hysterectomy
2.16.840.1.113762.1.4.1099.54,SpecimenType,20240606,122702004,Specimen from uterine cervix obtained by pelvic exenteration
2.16.840.1.113762.1.4.1099.54,SpecimenType,20240606,122703009,Specimen from endometrium obtained by curettage
2.16.840.1.113762.1.4.1099.54,SpecimenType,20240606,122704003,Specimen from endometrium obtained by biopsy
2.16.840.1.113762.1.4.1099.54,SpecimenType,20240606,122705002,Specimen from endometrium obtained by hysterectomy
2.16.840.1.113762.1.4.1099.54,SpecimenType,20240606,122706001,Specimen from endometrium obtained by radical hysterectomy
2.16.840.1.113762.1.4.1099.54,SpecimenType,20240606,122707005,Specimen from endometrium obtained by pelvic exenteration
2.16.840.1.113762.1.4.1099.54,SpecimenType,20240606,122708000,Specimen from ovary obtained by biopsy
2.16.840.1.113762.1.4.1099.54,SpecimenType,20240606,122709008,Specimen from ovary obtained by incisional biopsy
2.16.840.1.113762.1.4.1099.54,SpecimenType,20240606,122710003,Specimen from ovary obtained by resection
2.16.840.1.113762.1.4.1099.54,SpecimenType,20240606,122711004,Specimen from ovary obtained by removal of tumor in fragments
2.16.840.1.113762.1.4.1099.54,SpecimenType,20240606,122712006,Specimen from ovary obtained by hysterectomy with salpingo-oophorectomy
2.16.840.1.113762.1.4.1099.54,SpecimenType,20240606,122713001,Specimen from ovary obtained by subtotal right oophorectomy
2.16.840.1.113762.1.4.1099.54,SpecimenType,20240606,122714007,Specimen from right ovary obtained by oophorectomy
2.16.840.1.113762.1.4.1099.54,SpecimenType,20240606,122715008,Specimen from right ovary obtained by salpingo-oophorectomy
2.16.840.1.113762.1.4.1099.54,SpecimenType,20240606,122716009,Specimen from left ovary obtained by oophorectomy
2.16.840.1.113762.1.4.1099.54,SpecimenType,20240606,122717000,Specimen from ovary obtained by subtotal left oophorectomy
2.16.840.1.113762.1.4.1099.54,SpecimenType,20240606,122718005,Specimen from left ovary obtained by salpingo-oophorectomy
2.16.840.1.113762.1.4.1099.54,SpecimenType,20240606,122719002,Specimen from fallopian tube obtained by hysterectomy with salpingo-oophorectomy
2.16.840.1.113762.1.4.1099.54,SpecimenType,20240606,122720008,Specimen from fallopian tube obtained by excision of tubal fragments
2.16.840.1.113762.1.4.1099.54,SpecimenType,20240606,122721007,Specimen from fallopian tube obtained by pelvic exenteration
2.16.840.1.113762.1.4.1099.54,SpecimenType,20240606,122722000,Specimen from right fallopian tube obtained by salpingo-oophorectomy
2.16.840.1.113762.1.4.1099.54,SpecimenType,20240606,122723005,Specimen from left fallopian tube obtained by salpingo-oophorectomy
2.16.840.1.113762.1.4.1099.54,SpecimenType,20240606,122724004,Specimen from prostate obtained by enucleation
2.16.840.1.113762.1.4.1099.54,SpecimenType,20240606,122725003,Specimen from prostate obtained by radical prostatectomy
2.16.840.1.113762.1.4.1099.54,SpecimenType,20240606,122726002,Specimen from prostate obtained by retropubic resection
2.16.840.1.113762.1.4.1099.54,SpecimenType,20240606,122727006,Specimen from prostate obtained by suprapubic resection
2.16.840.1.113762.1.4.1099.54,SpecimenType,20240606,122728001,Specimen from testis obtained by inguinal exposure with testicular isolation and biopsy
2.16.840.1.113762.1.4.1099.54,SpecimenType,20240606,122729009,Specimen from testis obtained by transscrotal needle biopsy
2.16.840.1.113762.1.4.1099.54,SpecimenType,20240606,122730004,Specimen from testis obtained by transcrotal open biopsy
2.16.840.1.113762.1.4.1099.54,SpecimenType,20240606,122732007,Specimen from thyroid obtained by lobectomy
2.16.840.1.113762.1.4.1099.54,SpecimenType,20240606,122733002,Specimen from right lobe of thyroid obtained by lobe resection
2.16.840.1.113762.1.4.1099.54,SpecimenType,20240606,122734008,Specimen from left lobe of thyroid obtained by lobe resection
2.16.840.1.113762.1.4.1099.54,SpecimenType,20240606,122735009,Specimen from thyroid obtained by isthmectomy
2.16.840.1.113762.1.4.1099.54,SpecimenType,20240606,122736005,Tissue specimen from placenta
2.16.840.1.113762.1.4.1099.54,SpecimenType,20240606,122737001,Specimen from breast obtained by core needle biopsy
2.16.840.1.113762.1.4.1099.54,SpecimenType,20240606,122738006,Specimen obtained from breast by stereotactically guided core needle biopsy
2.16.840.1.113762.1.4.1099.54,SpecimenType,20240606,122739003,Specimen from breast obtained by incisional biopsy of breast mass
2.16.840.1.113762.1.4.1099.54,SpecimenType,20240606,122877000,Upper respiratory fluid specimen obtained by tracheal aspiration
2.16.840.1.113762.1.4.1099.54,SpecimenType,20240606,122879002,Upper gastrointestinal contents specimen
2.16.840.1.113762.1.4.1099.54,SpecimenType,20240606,122880004,Urine specimen obtained by clean catch procedure
2.16.840.1.113762.1.4.1099.54,SpecimenType,20240606,127456000,Specimen from breast
2.16.840.1.113762.1.4.1099.54,SpecimenType,20240606,127457009,Tissue specimen from breast
2.16.840.1.113762.1.4.1099.54,SpecimenType,20240606,127458004,Specimen from lung
2.16.840.1.113762.1.4.1099.54,SpecimenType,20240606,127459007,Specimen from pleura
2.16.840.1.113762.1.4.1099.54,SpecimenType,20240606,127460002,Tissue specimen from pleura
2.16.840.1.113762.1.4.1099.54,SpecimenType,20240606,127461003,Specimen from pleura obtained by pleurectomy
2.16.840.1.113762.1.4.1099.54,SpecimenType,20240606,127462005,Specimen from heart
2.16.840.1.113762.1.4.1099.54,SpecimenType,20240606,127463000,Specimen from esophagus
2.16.840.1.113762.1.4.1099.54,SpecimenType,20240606,127464006,Tissue specimen from esophagus
2.16.840.1.113762.1.4.1099.54,SpecimenType,20240606,127465007,Specimen from gastrointestinal tract
2.16.840.1.113762.1.4.1099.54,SpecimenType,20240606,127466008,Tissue specimen from gastrointestinal tract
2.16.840.1.113762.1.4.1099.54,SpecimenType,20240606,127467004,Specimen from ampulla of Vater
2.16.840.1.113762.1.4.1099.54,SpecimenType,20240606,127468009,Tissue specimen from ampulla of Vater
2.16.840.1.113762.1.4.1099.54,SpecimenType,20240606,127469001,Specimen from pancreas
2.16.840.1.113762.1.4.1099.54,SpecimenType,20240606,127470000,Tissue specimen from pancreas
2.16.840.1.113762.1.4.1099.54,SpecimenType,20240606,127471001,Specimen from urinary tract
2.16.840.1.113762.1.4.1099.54,SpecimenType,20240606,127472008,Tissue specimen from urinary tract
2.16.840.1.113762.1.4.1099.54,SpecimenType,20240606,127473003,Specimen from kidney
2.16.840.1.113762.1.4.1099.54,SpecimenType,20240606,127474009,Tissue specimen from kidney
2.16.840.1.113762.1.4.1099.54,SpecimenType,20240606,127475005,Tissue specimen from testis
2.16.840.1.113762.1.4.1099.54,SpecimenType,20240606,127476006,Specimen from fallopian tube
2.16.840.1.113762.1.4.1099.54,SpecimenType,20240606,127478007,Tissue specimen from thyroid gland
2.16.840.1.113762.1.4.1099.54,SpecimenType,20240606,127479004,Specimen from uterus
2.16.840.1.113762.1.4.1099.54,SpecimenType,20240606,127480001,Tissue specimen from uterus
2.16.840.1.113762.1.4.1099.54,SpecimenType,20240606,127481002,Tissue specimen from uterine cervix
2.16.840.1.113762.1.4.1099.54,SpecimenType,20240606,127482009,Tissue specimen from ovary
2.16.840.1.113762.1.4.1099.54,SpecimenType,20240606,127483004,Tissue specimen from fallopian tube
2.16.840.1.113762.1.4.1099.54,SpecimenType,20240606,128154006,Specimen from testis
2.16.840.1.113762.1.4.1099.54,SpecimenType,20240606,128155007,Specimen from ovary
2.16.840.1.113762.1.4.1099.54,SpecimenType,20240606,128156008,Tissue specimen from anus
2.16.840.1.113762.1.4.1099.54,SpecimenType,20240606,128157004,Tissue specimen from brain
2.16.840.1.113762.1.4.1099.54,SpecimenType,20240606,128158009,Tissue specimen from bronchus
2.16.840.1.113762.1.4.1099.54,SpecimenType,20240606,128159001,Tissue specimen from colon
2.16.840.1.113762.1.4.1099.54,SpecimenType,20240606,128160006,Tissue specimen from conjunctiva
2.16.840.1.113762.1.4.1099.54,SpecimenType,20240606,128161005,Tissue specimen from cornea
2.16.840.1.113762.1.4.1099.54,SpecimenType,20240606,128162003,Tissue specimen from ear
2.16.840.1.113762.1.4.1099.54,SpecimenType,20240606,128163008,Tissue specimen from endometrium
2.16.840.1.113762.1.4.1099.54,SpecimenType,20240606,128164002,Tissue specimen from eye
2.16.840.1.113762.1.4.1099.54,SpecimenType,20240606,128165001,Tissue specimen from genital system
2.16.840.1.113762.1.4.1099.54,SpecimenType,20240606,128166000,Tissue specimen from heart
2.16.840.1.113762.1.4.1099.54,SpecimenType,20240606,128167009,Tissue specimen from internal nose
2.16.840.1.113762.1.4.1099.54,SpecimenType,20240606,128168004,Tissue specimen from liver
2.16.840.1.113762.1.4.1099.54,SpecimenType,20240606,128169007,Tissue specimen from penis
2.16.840.1.113762.1.4.1099.54,SpecimenType,20240606,128170008,Tissue specimen from prostate
2.16.840.1.113762.1.4.1099.54,SpecimenType,20240606,128171007,Tissue specimen from stomach
2.16.840.1.113762.1.4.1099.54,SpecimenType,20240606,128172000,Tissue specimen from throat
2.16.840.1.113762.1.4.1099.54,SpecimenType,20240606,128173005,Tissue specimen from trachea
2.16.840.1.113762.1.4.1099.54,SpecimenType,20240606,128174004,Tissue specimen from urethra
2.16.840.1.113762.1.4.1099.54,SpecimenType,20240606,128175003,Tissue specimen from vagina
2.16.840.1.113762.1.4.1099.54,SpecimenType,20240606,167867009,Multiple joint synovial fluid
2.16.840.1.113762.1.4.1099.54,SpecimenType,20240606,167868004,Shoulder joint synovial fluid
2.16.840.1.113762.1.4.1099.54,SpecimenType,20240606,167869007,Elbow joint synovial fluid
2.16.840.1.113762.1.4.1099.54,SpecimenType,20240606,167870008,Wrist joint synovial fluid
2.16.840.1.113762.1.4.1099.54,SpecimenType,20240606,167871007,Hand joint synovial fluid
2.16.840.1.113762.1.4.1099.54,SpecimenType,20240606,167872000,Finger joint synovial fluid
2.16.840.1.113762.1.4.1099.54,SpecimenType,20240606,167873005,Hip joint synovial fluid
2.16.840.1.113762.1.4.1099.54,SpecimenType,20240606,167874004,Knee joint synovial fluid
2.16.840.1.113762.1.4.1099.54,SpecimenType,20240606,167875003,Ankle joint synovial fluid
2.16.840.1.113762.1.4.1099.54,SpecimenType,20240606,167876002,Foot joint synovial fluid
2.16.840.1.113762.1.4.1099.54,SpecimenType,20240606,167877006,Toe joint synovial fluid
2.16.840.1.113762.1.4.1099.54,SpecimenType,20240606,167913002,Bone marrow source
2.16.840.1.113762.1.4.1099.54,SpecimenType,20240606,168136008,Colostomy fluid sample
2.16.840.1.113762.1.4.1099.54,SpecimenType,20240606,168137004,Gastric aspirate sample
2.16.840.1.113762.1.4.1099.54,SpecimenType,20240606,168138009,Gastric lavage aspirate sample
2.16.840.1.113762.1.4.1099.54,SpecimenType,20240606,168139001,Peritoneal fluid sample
2.16.840.1.113762.1.4.1099.54,SpecimenType,20240606,168140004,Peritoneal dialysis sample
2.16.840.1.113762.1.4.1099.54,SpecimenType,20240606,168141000,Nasal fluid sample
2.16.840.1.113762.1.4.1099.54,SpecimenType,20240606,168145009,Lymph sample
2.16.840.1.113762.1.4.1099.54,SpecimenType,20240606,256889002,Breast cyst fluid sample
2.16.840.1.113762.1.4.1099.54,SpecimenType,20240606,256912003,Red blood cell fluid sample
2.16.840.1.113762.1.4.1099.54,SpecimenType,20240606,257261003,Swab
2.16.840.1.113762.1.4.1099.54,SpecimenType,20240606,258407001,Abscess tissue
2.16.840.1.113762.1.4.1099.54,SpecimenType,20240606,258411007,Nasopharyngeal aspirate
2.16.840.1.113762.1.4.1099.54,SpecimenType,20240606,258412000,Oropharyngeal aspirate
2.16.840.1.113762.1.4.1099.54,SpecimenType,20240606,258414004,Adipose tissue sample
2.16.840.1.113762.1.4.1099.54,SpecimenType,20240606,258415003,Biopsy sample
2.16.840.1.113762.1.4.1099.54,SpecimenType,20240606,258417006,Bone tissue sample
2.16.840.1.113762.1.4.1099.54,SpecimenType,20240606,258418001,Burn tissue
2.16.840.1.113762.1.4.1099.54,SpecimenType,20240606,258419009,Curettings
2.16.840.1.113762.1.4.1099.54,SpecimenType,20240606,258420003,Cyst tissue
2.16.840.1.113762.1.4.1099.54,SpecimenType,20240606,258421004,Embryo biopsy sample
2.16.840.1.113762.1.4.1099.54,SpecimenType,20240606,258422006,Gonad tissue
2.16.840.1.113762.1.4.1099.54,SpecimenType,20240606,258423001,Hair bulb sample
2.16.840.1.113762.1.4.1099.54,SpecimenType,20240606,258424007,Heart valve tissue
2.16.840.1.113762.1.4.1099.54,SpecimenType,20240606,258425008,Natural lens tissue
2.16.840.1.113762.1.4.1099.54,SpecimenType,20240606,258426009,Placental membrane tissue sample
2.16.840.1.113762.1.4.1099.54,SpecimenType,20240606,258428005,Products of conception tissue sample
2.16.840.1.113762.1.4.1099.54,SpecimenType,20240606,258429002,Rectal scrape sample
2.16.840.1.113762.1.4.1099.54,SpecimenType,20240606,258430007,Rectal snip sample
2.16.840.1.113762.1.4.1099.54,SpecimenType,20240606,258431006,Scrapings
2.16.840.1.113762.1.4.1099.54,SpecimenType,20240606,258432004,Sebum sample
2.16.840.1.113762.1.4.1099.54,SpecimenType,20240606,258433009,Smear sample
2.16.840.1.113762.1.4.1099.54,SpecimenType,20240606,258434003,Spun urinary sediment
2.16.840.1.113762.1.4.1099.54,SpecimenType,20240606,258435002,Tumour tissue
2.16.840.1.113762.1.4.1099.54,SpecimenType,20240606,258436001,Umbilical cord tissue
2.16.840.1.113762.1.4.1099.54,SpecimenType,20240606,258437005,Vegetation from heart valve
2.16.840.1.113762.1.4.1099.54,SpecimenType,20240606,258438000,Vitreous humor sample
2.16.840.1.113762.1.4.1099.54,SpecimenType,20240606,258439008,Discharge - sample
2.16.840.1.113762.1.4.1099.54,SpecimenType,20240606,258440005,Effusion sample
2.16.840.1.113762.1.4.1099.54,SpecimenType,20240606,258441009,Exudate sample
2.16.840.1.113762.1.4.1099.54,SpecimenType,20240606,258442002,Fluid sample
2.16.840.1.113762.1.4.1099.54,SpecimenType,20240606,258444001,Aqueous humour sample
2.16.840.1.113762.1.4.1099.54,SpecimenType,20240606,258446004,Bronchial fluid sample
2.16.840.1.113762.1.4.1099.54,SpecimenType,20240606,258448003,Bursa fluid sample
2.16.840.1.113762.1.4.1099.54,SpecimenType,20240606,258450006,Cerebrospinal fluid sample
2.16.840.1.113762.1.4.1099.54,SpecimenType,20240606,258452003,Chylous fluid sample
2.16.840.1.113762.1.4.1099.54,SpecimenType,20240606,258453008,Cyst fluid sample
2.16.840.1.113762.1.4.1099.54,SpecimenType,20240606,258454002,Dialysate sample
2.16.840.1.113762.1.4.1099.54,SpecimenType,20240606,258455001,Drainage fluid sample
2.16.840.1.113762.1.4.1099.54,SpecimenType,20240606,258456000,Empyema fluid sample
2.16.840.1.113762.1.4.1099.54,SpecimenType,20240606,258457009,Faecal fluid sample
2.16.840.1.113762.1.4.1099.54,SpecimenType,20240606,258458004,Fistula fluid sample
2.16.840.1.113762.1.4.1099.54,SpecimenType,20240606,258459007,Gastric fluid sample
2.16.840.1.113762.1.4.1099.54,SpecimenType,20240606,258461003,Hydrocele fluid sample
2.16.840.1.113762.1.4.1099.54,SpecimenType,20240606,258462005,Ileostomy fluid sample
2.16.840.1.113762.1.4.1099.54,SpecimenType,20240606,258463000,Jejunal fluid sample
2.16.840.1.113762.1.4.1099.54,SpecimenType,20240606,258465007,Lacrimal fluid sample
2.16.840.1.113762.1.4.1099.54,SpecimenType,20240606,258466008,Middle ear fluid sample
2.16.840.1.113762.1.4.1099.54,SpecimenType,20240606,258467004,Nasopharyngeal washings
2.16.840.1.113762.1.4.1099.54,SpecimenType,20240606,258468009,Oedema fluid sample
2.16.840.1.113762.1.4.1099.54,SpecimenType,20240606,258469001,Pharyngeal washings
2.16.840.1.113762.1.4.1099.54,SpecimenType,20240606,258470000,Prostatic fluid sample
2.16.840.1.113762.1.4.1099.54,SpecimenType,20240606,258471001,Prostatic massage fluid sample
2.16.840.1.113762.1.4.1099.54,SpecimenType,20240606,258472008,Renal pelvis fluid sample
2.16.840.1.113762.1.4.1099.54,SpecimenType,20240606,258474009,Sinus fluid sample
2.16.840.1.113762.1.4.1099.54,SpecimenType,20240606,258475005,Sinus washings
2.16.840.1.113762.1.4.1099.54,SpecimenType,20240606,258476006,Subretinal fluid sample
2.16.840.1.113762.1.4.1099.54,SpecimenType,20240606,258479004,Tissue fluid sample
2.16.840.1.113762.1.4.1099.54,SpecimenType,20240606,258480001,Transtracheal aspirate sample
2.16.840.1.113762.1.4.1099.54,SpecimenType,20240606,258481002,Vaginal washout fluid sample
2.16.840.1.113762.1.4.1099.54,SpecimenType,20240606,258482009,Vesicle fluid sample
2.16.840.1.113762.1.4.1099.54,SpecimenType,20240606,258483004,Mucus sample
2.16.840.1.113762.1.4.1099.54,SpecimenType,20240606,258484005,Postmortem tissue sample
2.16.840.1.113762.1.4.1099.54,SpecimenType,20240606,258485006,Corneal scrapings
2.16.840.1.113762.1.4.1099.54,SpecimenType,20240606,258487003,Faecal smear
2.16.840.1.113762.1.4.1099.54,SpecimenType,20240606,258488008,Lymph node smear
2.16.840.1.113762.1.4.1099.54,SpecimenType,20240606,258489000,Slit skin smear
2.16.840.1.113762.1.4.1099.54,SpecimenType,20240606,258490009,Biliary stone sample
2.16.840.1.113762.1.4.1099.54,SpecimenType,20240606,258492001,Gallstone sample
2.16.840.1.113762.1.4.1099.54,SpecimenType,20240606,258493006,Bladder stone sample
2.16.840.1.113762.1.4.1099.54,SpecimenType,20240606,258494000,Pancreatic stone sample
2.16.840.1.113762.1.4.1099.54,SpecimenType,20240606,258495004,Renal stone sample
2.16.840.1.113762.1.4.1099.54,SpecimenType,20240606,258496003,Ureteric stone sample
2.16.840.1.113762.1.4.1099.54,SpecimenType,20240606,258497007,Abscess swab
2.16.840.1.113762.1.4.1099.54,SpecimenType,20240606,258498002,Conjunctival swab
2.16.840.1.113762.1.4.1099.54,SpecimenType,20240606,258499005,Cough swab
2.16.840.1.113762.1.4.1099.54,SpecimenType,20240606,258500001,Nasopharyngeal swab
2.16.840.1.113762.1.4.1099.54,SpecimenType,20240606,258502009,Pus swab
2.16.840.1.113762.1.4.1099.54,SpecimenType,20240606,258503004,Skin swab
2.16.840.1.113762.1.4.1099.54,SpecimenType,20240606,258504005,BCG site swab
2.16.840.1.113762.1.4.1099.54,SpecimenType,20240606,258505006,Skin ulcer swab
2.16.840.1.113762.1.4.1099.54,SpecimenType,20240606,258506007,Swab of drain insertion site
2.16.840.1.113762.1.4.1099.54,SpecimenType,20240606,258507003,Swab of line insertion site
2.16.840.1.113762.1.4.1099.54,SpecimenType,20240606,258508008,Genital swab
2.16.840.1.113762.1.4.1099.54,SpecimenType,20240606,258509000,Male genital swab
2.16.840.1.113762.1.4.1099.54,SpecimenType,20240606,258510005,Penis swab
2.16.840.1.113762.1.4.1099.54,SpecimenType,20240606,258511009,Penile urethral swab
2.16.840.1.113762.1.4.1099.54,SpecimenType,20240606,258512002,Glans penis swab
2.16.840.1.113762.1.4.1099.54,SpecimenType,20240606,258513007,Prepuce swab
2.16.840.1.113762.1.4.1099.54,SpecimenType,20240606,258514001,Subpreputial swab
2.16.840.1.113762.1.4.1099.54,SpecimenType,20240606,258515000,Coronal sulcus of penis swab
2.16.840.1.113762.1.4.1099.54,SpecimenType,20240606,258516004,Frenulum of penis swab
2.16.840.1.113762.1.4.1099.54,SpecimenType,20240606,258517008,Shaft of penis swab
2.16.840.1.113762.1.4.1099.54,SpecimenType,20240606,258518003,Scrotal swab
2.16.840.1.113762.1.4.1099.54,SpecimenType,20240606,258519006,Female genital swab
2.16.840.1.113762.1.4.1099.54,SpecimenType,20240606,258520000,Vaginal swab
2.16.840.1.113762.1.4.1099.54,SpecimenType,20240606,258521001,HVS - High vaginal swab
2.16.840.1.113762.1.4.1099.54,SpecimenType,20240606,258522008,Low vaginal swab
2.16.840.1.113762.1.4.1099.54,SpecimenType,20240606,258523003,Vulval swab
2.16.840.1.113762.1.4.1099.54,SpecimenType,20240606,258524009,Cervical swab
2.16.840.1.113762.1.4.1099.54,SpecimenType,20240606,258525005,Perineal swab
2.16.840.1.113762.1.4.1099.54,SpecimenType,20240606,258526006,Perianal swab
2.16.840.1.113762.1.4.1099.54,SpecimenType,20240606,258527002,Anal swab
2.16.840.1.113762.1.4.1099.54,SpecimenType,20240606,258528007,Rectal swab
2.16.840.1.113762.1.4.1099.54,SpecimenType,20240606,258529004,TS - Throat swab
2.16.840.1.113762.1.4.1099.54,SpecimenType,20240606,258530009,Urethral swab
2.16.840.1.113762.1.4.1099.54,SpecimenType,20240606,258531008,Wound swab
2.16.840.1.113762.1.4.1099.54,SpecimenType,20240606,258532001,Swab of inanimate object
2.16.840.1.113762.1.4.1099.54,SpecimenType,20240606,258535004,Floor swab
2.16.840.1.113762.1.4.1099.54,SpecimenType,20240606,258536003,Incubator swab
2.16.840.1.113762.1.4.1099.54,SpecimenType,20240606,258537007,Surface swab
2.16.840.1.113762.1.4.1099.54,SpecimenType,20240606,258538002,Transudate sample
2.16.840.1.113762.1.4.1099.54,SpecimenType,20240606,258539005,Bone and joint sample
2.16.840.1.113762.1.4.1099.54,SpecimenType,20240606,258541006,Cardiovascular sample
2.16.840.1.113762.1.4.1099.54,SpecimenType,20240606,258542004,Heart valve sample
2.16.840.1.113762.1.4.1099.54,SpecimenType,20240606,258544003,Natural heart valve sample
2.16.840.1.113762.1.4.1099.54,SpecimenType,20240606,258545002,Vegetation from prosthetic heart valve
2.16.840.1.113762.1.4.1099.54,SpecimenType,20240606,258546001,Vegetation from natural heart valve
2.16.840.1.113762.1.4.1099.54,SpecimenType,20240606,258547005,Cardiac bypass pump fluid sample
2.16.840.1.113762.1.4.1099.54,SpecimenType,20240606,258548000,Dermatological sample
2.16.840.1.113762.1.4.1099.54,SpecimenType,20240606,258549008,Skin scale sample
2.16.840.1.113762.1.4.1099.54,SpecimenType,20240606,258553005,Duodenal string
2.16.840.1.113762.1.4.1099.54,SpecimenType,20240606,258554004,Faecal concretion sample
2.16.840.1.113762.1.4.1099.54,SpecimenType,20240606,258555003,Hot stool sample
2.16.840.1.113762.1.4.1099.54,SpecimenType,20240606,258558001,Oral secretion sample
2.16.840.1.113762.1.4.1099.54,SpecimenType,20240606,258559009,Gingivocrevicular fluid sample
2.16.840.1.113762.1.4.1099.54,SpecimenType,20240606,258560004,Oral saliva sample
2.16.840.1.113762.1.4.1099.54,SpecimenType,20240606,258561000,Parotid gland saliva sample
2.16.840.1.113762.1.4.1099.54,SpecimenType,20240606,258562007,Genetic sample
2.16.840.1.113762.1.4.1099.54,SpecimenType,20240606,258563002,Amniotic cell sample
2.16.840.1.113762.1.4.1099.54,SpecimenType,20240606,258564008,Buccal smear sample
2.16.840.1.113762.1.4.1099.54,SpecimenType,20240606,258565009,Chorionic villi sample
2.16.840.1.113762.1.4.1099.54,SpecimenType,20240606,258566005,Deoxyribonucleic acid sample
2.16.840.1.113762.1.4.1099.54,SpecimenType,20240606,258567001,Gonad sample
2.16.840.1.113762.1.4.1099.54,SpecimenType,20240606,258568006,Polar body sample
2.16.840.1.113762.1.4.1099.54,SpecimenType,20240606,258569003,Skin fibroblast sample
2.16.840.1.113762.1.4.1099.54,SpecimenType,20240606,258570002,Genitourinary sample
2.16.840.1.113762.1.4.1099.54,SpecimenType,20240606,258571003,Machine hemodialysate sample
2.16.840.1.113762.1.4.1099.54,SpecimenType,20240606,258572005,Ultrafiltrate sample
2.16.840.1.113762.1.4.1099.54,SpecimenType,20240606,258574006,Mid-stream urine sample
2.16.840.1.113762.1.4.1099.54,SpecimenType,20240606,258575007,EMU-Early morning urine sample
2.16.840.1.113762.1.4.1099.54,SpecimenType,20240606,258576008,Suprapubic aspirate sample
2.16.840.1.113762.1.4.1099.54,SpecimenType,20240606,258577004,Vaginal secretion sample
2.16.840.1.113762.1.4.1099.54,SpecimenType,20240606,258580003,Whole blood sample
2.16.840.1.113762.1.4.1099.54,SpecimenType,20240606,258581004,Clotted blood sample
2.16.840.1.113762.1.4.1099.54,SpecimenType,20240606,258582006,Blood clot sample
2.16.840.1.113762.1.4.1099.54,SpecimenType,20240606,258583001,Bone marrow clot sample
2.16.840.1.113762.1.4.1099.54,SpecimenType,20240606,258584007,Bone marrow fragment sample
2.16.840.1.113762.1.4.1099.54,SpecimenType,20240606,258585008,Bone marrow trephine sample
2.16.840.1.113762.1.4.1099.54,SpecimenType,20240606,258587000,Buffy coat
2.16.840.1.113762.1.4.1099.54,SpecimenType,20240606,258588005,Hematoma sample
2.16.840.1.113762.1.4.1099.54,SpecimenType,20240606,258589002,Lymph node sample
2.16.840.1.113762.1.4.1099.54,SpecimenType,20240606,258590006,Acidified serum sample
2.16.840.1.113762.1.4.1099.54,SpecimenType,20240606,258591005,White blood cell sample
2.16.840.1.113762.1.4.1099.54,SpecimenType,20240606,258599007,Contact lens solution sample
2.16.840.1.113762.1.4.1099.54,SpecimenType,20240606,258601009,Lens sample
2.16.840.1.113762.1.4.1099.54,SpecimenType,20240606,258602002,Intraocular lens sample
2.16.840.1.113762.1.4.1099.54,SpecimenType,20240606,258603007,Respiratory sample
2.16.840.1.113762.1.4.1099.54,SpecimenType,20240606,258604001,Upper respiratory sample
2.16.840.1.113762.1.4.1099.54,SpecimenType,20240606,258606004,Lower respiratory sample
2.16.840.1.113762.1.4.1099.54,SpecimenType,20240606,258607008,Bronchoalveolar lavage fluid sample
2.16.840.1.113762.1.4.1099.54,SpecimenType,20240606,258608003,Sputum - aspirated sample
2.16.840.1.113762.1.4.1099.54,SpecimenType,20240606,258609006,Sputum - tracheostomy aspirate sample
2.16.840.1.113762.1.4.1099.54,SpecimenType,20240606,258610001,Sputum - induced sample
2.16.840.1.113762.1.4.1099.54,SpecimenType,20240606,258611002,Sputum - trapped sample
2.16.840.1.113762.1.4.1099.54,SpecimenType,20240606,258613004,Living sample
2.16.840.1.113762.1.4.1099.54,SpecimenType,20240606,258614005,Insect sample
2.16.840.1.113762.1.4.1099.54,SpecimenType,20240606,258615006,Larva sample
2.16.840.1.113762.1.4.1099.54,SpecimenType,20240606,258616007,Maggot sample
2.16.840.1.113762.1.4.1099.54,SpecimenType,20240606,258617003,Parasite sample
2.16.840.1.113762.1.4.1099.54,SpecimenType,20240606,258618008,Helminth sample
2.16.840.1.113762.1.4.1099.54,SpecimenType,20240606,258627009,Cannula tip
2.16.840.1.113762.1.4.1099.54,SpecimenType,20240606,258628004,Vascular cannula tip
2.16.840.1.113762.1.4.1099.54,SpecimenType,20240606,258629007,Arterial cannula tip
2.16.840.1.113762.1.4.1099.54,SpecimenType,20240606,258630002,Venous cannula tip
2.16.840.1.113762.1.4.1099.54,SpecimenType,20240606,258631003,Arteriovenous shunt tip
2.16.840.1.113762.1.4.1099.54,SpecimenType,20240606,258649003,Intravenous infusion fluid sample
2.16.840.1.113762.1.4.1099.54,SpecimenType,20240606,258650003,Intravenous lipid infusion fluid sample
2.16.840.1.113762.1.4.1099.54,SpecimenType,20240606,258651004,Cream sample
2.16.840.1.113762.1.4.1099.54,SpecimenType,20240606,258652006,Ice-cream sample
2.16.840.1.113762.1.4.1099.54,SpecimenType,20240606,258653001,Formula milk sample
2.16.840.1.113762.1.4.1099.54,SpecimenType,20240606,258654007,Soya milk sample
2.16.840.1.113762.1.4.1099.54,SpecimenType,20240606,258655008,Cow's milk sample
2.16.840.1.113762.1.4.1099.54,SpecimenType,20240606,258656009,Whole milk sample
2.16.840.1.113762.1.4.1099.54,SpecimenType,20240606,258657000,Semi-skimmed milk sample
2.16.840.1.113762.1.4.1099.54,SpecimenType,20240606,258658005,Skimmed milk sample
2.16.840.1.113762.1.4.1099.54,SpecimenType,20240606,258659002,Sheep's milk sample
2.16.840.1.113762.1.4.1099.54,SpecimenType,20240606,258660007,Goat's milk sample
2.16.840.1.113762.1.4.1099.54,SpecimenType,20240606,258662004,Adhesive slide
2.16.840.1.113762.1.4.1099.54,SpecimenType,20240606,258663009,Sellotape slide
2.16.840.1.113762.1.4.1099.54,SpecimenType,20240606,258664003,Scotch tape slide
2.16.840.1.113762.1.4.1099.54,SpecimenType,20240606,264380007,Synovial fluid cells
2.16.840.1.113762.1.4.1099.54,SpecimenType,20240606,271514008,Sternal bone marrow sample
2.16.840.1.113762.1.4.1099.54,SpecimenType,20240606,271515009,Iliac crest bone marrow sample
2.16.840.1.113762.1.4.1099.54,SpecimenType,20240606,271516005,Vertebral spinous process bone marrow sample
2.16.840.1.113762.1.4.1099.54,SpecimenType,20240606,271518006,Rib bone marrow sample
2.16.840.1.113762.1.4.1099.54,SpecimenType,20240606,276446009,Cervical smear sample
2.16.840.1.113762.1.4.1099.54,SpecimenType,20240606,276833005,24 hour urine sample
2.16.840.1.113762.1.4.1099.54,SpecimenType,20240606,278020009,Spot urine sample
2.16.840.1.113762.1.4.1099.54,SpecimenType,20240606,302794003,Nasogastric aspirate
2.16.840.1.113762.1.4.1099.54,SpecimenType,20240606,302795002,Lymph node aspirate
2.16.840.1.113762.1.4.1099.54,SpecimenType,20240606,303247002,Adrenal tissue
2.16.840.1.113762.1.4.1099.54,SpecimenType,20240606,303248007,Blood film sample
2.16.840.1.113762.1.4.1099.54,SpecimenType,20240606,309048008,Endocrine sample
2.16.840.1.113762.1.4.1099.54,SpecimenType,20240606,309049000,Lesion sample
2.16.840.1.113762.1.4.1099.54,SpecimenType,20240606,309050000,Body substance sample
2.16.840.1.113762.1.4.1099.54,SpecimenType,20240606,309051001,Body fluid sample
2.16.840.1.113762.1.4.1099.54,SpecimenType,20240606,309052008,Male genital sample
2.16.840.1.113762.1.4.1099.54,SpecimenType,20240606,309053003,Female genital sample
2.16.840.1.113762.1.4.1099.54,SpecimenType,20240606,309055005,Breast fluid sample
2.16.840.1.113762.1.4.1099.54,SpecimenType,20240606,309057002,Breast direct smear sample
2.16.840.1.113762.1.4.1099.54,SpecimenType,20240606,309058007,Breast tru-cut biopsy sample
2.16.840.1.113762.1.4.1099.54,SpecimenType,20240606,309059004,Frozen section breast sample
2.16.840.1.113762.1.4.1099.54,SpecimenType,20240606,309061008,Breast fine needle aspirate sample
2.16.840.1.113762.1.4.1099.54,SpecimenType,20240606,309066003,Skin biopsy sample
2.16.840.1.113762.1.4.1099.54,SpecimenType,20240606,309067007,Skin curettings sample
2.16.840.1.113762.1.4.1099.54,SpecimenType,20240606,309068002,Skin lesion sample
2.16.840.1.113762.1.4.1099.54,SpecimenType,20240606,309070006,Vulval skin biopsy sample
2.16.840.1.113762.1.4.1099.54,SpecimenType,20240606,309071005,Penis skin biopsy sample
2.16.840.1.113762.1.4.1099.54,SpecimenType,20240606,309072003,Soft tissue sample
2.16.840.1.113762.1.4.1099.54,SpecimenType,20240606,309073008,Lipoma biopsy sample
2.16.840.1.113762.1.4.1099.54,SpecimenType,20240606,309074002,Soft tissue biopsy sample
2.16.840.1.113762.1.4.1099.54,SpecimenType,20240606,309075001,Skin cyst sample
2.16.840.1.113762.1.4.1099.54,SpecimenType,20240606,309077009,Spleen resection sample
2.16.840.1.113762.1.4.1099.54,SpecimenType,20240606,309078004,Lymph node tissue sample
2.16.840.1.113762.1.4.1099.54,SpecimenType,20240606,309079007,Lymph node biopsy sample
2.16.840.1.113762.1.4.1099.54,SpecimenType,20240606,309101008,Cartilage sample
2.16.840.1.113762.1.4.1099.54,SpecimenType,20240606,309102001,Cartilage biopsy sample
2.16.840.1.113762.1.4.1099.54,SpecimenType,20240606,309103006,Excised cartilage sample
2.16.840.1.113762.1.4.1099.54,SpecimenType,20240606,309104000,Musculoskeletal sample
2.16.840.1.113762.1.4.1099.54,SpecimenType,20240606,309105004,Bone biopsy sample
2.16.840.1.113762.1.4.1099.54,SpecimenType,20240606,309107007,Tendon sample
2.16.840.1.113762.1.4.1099.54,SpecimenType,20240606,309108002,Excised tendon sample
2.16.840.1.113762.1.4.1099.54,SpecimenType,20240606,309109005,Bursa sample
2.16.840.1.113762.1.4.1099.54,SpecimenType,20240606,309110000,Bursa tissue sample
2.16.840.1.113762.1.4.1099.54,SpecimenType,20240606,309111001,Bursa biopsy sample
2.16.840.1.113762.1.4.1099.54,SpecimenType,20240606,309112008,Excised bursa sample
2.16.840.1.113762.1.4.1099.54,SpecimenType,20240606,309113003,Tendon biopsy sample
2.16.840.1.113762.1.4.1099.54,SpecimenType,20240606,309114009,Ligament sample
2.16.840.1.113762.1.4.1099.54,SpecimenType,20240606,309115005,Ligament biopsy sample
2.16.840.1.113762.1.4.1099.54,SpecimenType,20240606,309116006,Excised ligament sample
2.16.840.1.113762.1.4.1099.54,SpecimenType,20240606,309117002,Fascia sample
2.16.840.1.113762.1.4.1099.54,SpecimenType,20240606,309118007,Fascia biopsy sample
2.16.840.1.113762.1.4.1099.54,SpecimenType,20240606,309119004,Excised fascia sample
2.16.840.1.113762.1.4.1099.54,SpecimenType,20240606,309120005,Head of femur sample
2.16.840.1.113762.1.4.1099.54,SpecimenType,20240606,309121009,Synovial tissue sample
2.16.840.1.113762.1.4.1099.54,SpecimenType,20240606,309122002,Synovium biopsy sample
2.16.840.1.113762.1.4.1099.54,SpecimenType,20240606,309123007,Synovial sample
2.16.840.1.113762.1.4.1099.54,SpecimenType,20240606,309124001,Joint biopsy sample
2.16.840.1.113762.1.4.1099.54,SpecimenType,20240606,309125000,Joint sample
2.16.840.1.113762.1.4.1099.54,SpecimenType,20240606,309126004,Articular tissue sample
2.16.840.1.113762.1.4.1099.54,SpecimenType,20240606,309127008,Resected articular tissue sample
2.16.840.1.113762.1.4.1099.54,SpecimenType,20240606,309128003,Eye fluid sample
2.16.840.1.113762.1.4.1099.54,SpecimenType,20240606,309129006,Nerve tissue sample
2.16.840.1.113762.1.4.1099.54,SpecimenType,20240606,309130001,Nerve biopsy sample
2.16.840.1.113762.1.4.1099.54,SpecimenType,20240606,309131002,Neuroma sample
2.16.840.1.113762.1.4.1099.54,SpecimenType,20240606,309132009,Prostate biopsy sample
2.16.840.1.113762.1.4.1099.54,SpecimenType,20240606,309133004,Resected prostate sample
2.16.840.1.113762.1.4.1099.54,SpecimenType,20240606,309134005,Prostate tru-cut biopsy sample
2.16.840.1.113762.1.4.1099.54,SpecimenType,20240606,309135006,Hydrocele sample
2.16.840.1.113762.1.4.1099.54,SpecimenType,20240606,309137003,Testes biopsy sample
2.16.840.1.113762.1.4.1099.54,SpecimenType,20240606,309138008,Orchidectomy sample
2.16.840.1.113762.1.4.1099.54,SpecimenType,20240606,309139000,Vas deferens sample
2.16.840.1.113762.1.4.1099.54,SpecimenType,20240606,309140003,Epididymis sample
2.16.840.1.113762.1.4.1099.54,SpecimenType,20240606,309141004,Adrenal gland sample
2.16.840.1.113762.1.4.1099.54,SpecimenType,20240606,309142006,Adrenal biopsy sample
2.16.840.1.113762.1.4.1099.54,SpecimenType,20240606,309143001,Excised adrenal gland sample
2.16.840.1.113762.1.4.1099.54,SpecimenType,20240606,309144007,Thyroid lobe sample
2.16.840.1.113762.1.4.1099.54,SpecimenType,20240606,309145008,Thyroid fluid sample
2.16.840.1.113762.1.4.1099.54,SpecimenType,20240606,309146009,Thyroid fine needle aspirate sample
2.16.840.1.113762.1.4.1099.54,SpecimenType,20240606,309147000,Thyroid cyst fluid sample
2.16.840.1.113762.1.4.1099.54,SpecimenType,20240606,309148005,Thyroid direct smear sample
2.16.840.1.113762.1.4.1099.54,SpecimenType,20240606,309149002,Parathyroid sample
2.16.840.1.113762.1.4.1099.54,SpecimenType,20240606,309150002,Parathyroid tissue sample
2.16.840.1.113762.1.4.1099.54,SpecimenType,20240606,309151003,Parathyroid biopsy sample
2.16.840.1.113762.1.4.1099.54,SpecimenType,20240606,309153000,Excised parathyroid sample
2.16.840.1.113762.1.4.1099.54,SpecimenType,20240606,309154006,Pituitary sample
2.16.840.1.113762.1.4.1099.54,SpecimenType,20240606,309164002,Upper respiratory swab sample
2.16.840.1.113762.1.4.1099.54,SpecimenType,20240606,309165001,Ear sample
2.16.840.1.113762.1.4.1099.54,SpecimenType,20240606,309166000,Ear swab sample
2.16.840.1.113762.1.4.1099.54,SpecimenType,20240606,309167009,Middle ear biopsy sample
2.16.840.1.113762.1.4.1099.54,SpecimenType,20240606,309168004,Upper respiratory tissue sample
2.16.840.1.113762.1.4.1099.54,SpecimenType,20240606,309169007,Tracheal biopsy sample
2.16.840.1.113762.1.4.1099.54,SpecimenType,20240606,309170008,Lower respiratory tissue sample
2.16.840.1.113762.1.4.1099.54,SpecimenType,20240606,309171007,Lower respiratory fluid sample
2.16.840.1.113762.1.4.1099.54,SpecimenType,20240606,309172000,Pleura biopsy sample
2.16.840.1.113762.1.4.1099.54,SpecimenType,20240606,309173005,Transbronchial lung biopsy sample
2.16.840.1.113762.1.4.1099.54,SpecimenType,20240606,309174004,Bronchial biopsy sample
2.16.840.1.113762.1.4.1099.54,SpecimenType,20240606,309175003,Resected lung sample
2.16.840.1.113762.1.4.1099.54,SpecimenType,20240606,309176002,Bronchial brushings sample
2.16.840.1.113762.1.4.1099.54,SpecimenType,20240606,309177006,Lung direct smear sample
2.16.840.1.113762.1.4.1099.54,SpecimenType,20240606,309178001,Nasal biopsy sample
2.16.840.1.113762.1.4.1099.54,SpecimenType,20240606,309179009,Nasal polyp sample
2.16.840.1.113762.1.4.1099.54,SpecimenType,20240606,309180007,Nasopharyngeal biopsy sample
2.16.840.1.113762.1.4.1099.54,SpecimenType,20240606,309181006,Mastoid biopsy sample
2.16.840.1.113762.1.4.1099.54,SpecimenType,20240606,309182004,Larynx biopsy sample
2.16.840.1.113762.1.4.1099.54,SpecimenType,20240606,309183009,Laryngectomy sample
2.16.840.1.113762.1.4.1099.54,SpecimenType,20240606,309184003,Vocal cord biopsy sample
2.16.840.1.113762.1.4.1099.54,SpecimenType,20240606,309185002,Oral cavity sample
2.16.840.1.113762.1.4.1099.54,SpecimenType,20240606,309186001,Oral tissue sample
2.16.840.1.113762.1.4.1099.54,SpecimenType,20240606,309187005,Dental tissue sample
2.16.840.1.113762.1.4.1099.54,SpecimenType,20240606,309188000,Mouth biopsy sample
2.16.840.1.113762.1.4.1099.54,SpecimenType,20240606,309189008,Tongue biopsy sample
2.16.840.1.113762.1.4.1099.54,SpecimenType,20240606,309190004,Excised salivary gland sample
2.16.840.1.113762.1.4.1099.54,SpecimenType,20240606,309191000,Tonsil biopsy sample
2.16.840.1.113762.1.4.1099.54,SpecimenType,20240606,309192007,Tonsillectomy sample
2.16.840.1.113762.1.4.1099.54,SpecimenType,20240606,309193002,Pharyngeal biopsy sample
2.16.840.1.113762.1.4.1099.54,SpecimenType,20240606,309199003,Gastrointestinal fluid sample
2.16.840.1.113762.1.4.1099.54,SpecimenType,20240606,309200000,Rectal tissue sample
2.16.840.1.113762.1.4.1099.54,SpecimenType,20240606,309201001,Ascitic fluid sample
2.16.840.1.113762.1.4.1099.54,SpecimenType,20240606,309202008,Gastrointestinal direct smear
2.16.840.1.113762.1.4.1099.54,SpecimenType,20240606,309203003,Liver biopsy sample
2.16.840.1.113762.1.4.1099.54,SpecimenType,20240606,309204009,Liver direct smear sample
2.16.840.1.113762.1.4.1099.54,SpecimenType,20240606,309205005,Cholecystectomy sample
2.16.840.1.113762.1.4.1099.54,SpecimenType,20240606,309206006,Pancreas biopsy sample
2.16.840.1.113762.1.4.1099.54,SpecimenType,20240606,309207002,Peritoneal biopsy sample
2.16.840.1.113762.1.4.1099.54,SpecimenType,20240606,309208007,Omentum biopsy sample
2.16.840.1.113762.1.4.1099.54,SpecimenType,20240606,309209004,Esophageal biopsy sample
2.16.840.1.113762.1.4.1099.54,SpecimenType,20240606,309210009,Oesophageal brushings sample
2.16.840.1.113762.1.4.1099.54,SpecimenType,20240606,309211008,Gastric biopsy sample
2.16.840.1.113762.1.4.1099.54,SpecimenType,20240606,309212001,Gastric antral biopsy sample
2.16.840.1.113762.1.4.1099.54,SpecimenType,20240606,309213006,Gastric brushings sample
2.16.840.1.113762.1.4.1099.54,SpecimenType,20240606,309214000,Gastric fundus biopsy sample
2.16.840.1.113762.1.4.1099.54,SpecimenType,20240606,309215004,Gastric ulcer sample
2.16.840.1.113762.1.4.1099.54,SpecimenType,20240606,309216003,Duodenal biopsy sample
2.16.840.1.113762.1.4.1099.54,SpecimenType,20240606,309217007,Ileal biopsy sample
2.16.840.1.113762.1.4.1099.54,SpecimenType,20240606,309218002,Ileal resection sample
2.16.840.1.113762.1.4.1099.54,SpecimenType,20240606,309219005,Jejunal biopsy sample
2.16.840.1.113762.1.4.1099.54,SpecimenType,20240606,309220004,Small bowel resection sample
2.16.840.1.113762.1.4.1099.54,SpecimenType,20240606,309221000,Terminal ileum resection sample
2.16.840.1.113762.1.4.1099.54,SpecimenType,20240606,309222007,Appendix sample
2.16.840.1.113762.1.4.1099.54,SpecimenType,20240606,309223002,Colectomy sample
2.16.840.1.113762.1.4.1099.54,SpecimenType,20240606,309224008,Colon strip sample
2.16.840.1.113762.1.4.1099.54,SpecimenType,20240606,309225009,Colonic biopsy sample
2.16.840.1.113762.1.4.1099.54,SpecimenType,20240606,309226005,Colonic polyp sample
2.16.840.1.113762.1.4.1099.54,SpecimenType,20240606,309227001,Sigmoid colonic polyp sample
2.16.840.1.113762.1.4.1099.54,SpecimenType,20240606,309260003,Sigmoid colon biopsy sample
2.16.840.1.113762.1.4.1099.54,SpecimenType,20240606,309261004,Sigmoid colon brushings sample
2.16.840.1.113762.1.4.1099.54,SpecimenType,20240606,309262006,Rectal biopsy sample
2.16.840.1.113762.1.4.1099.54,SpecimenType,20240606,309263001,Rectal polyp sample
2.16.840.1.113762.1.4.1099.54,SpecimenType,20240606,309264007,Excised rectum sample
2.16.840.1.113762.1.4.1099.54,SpecimenType,20240606,309265008,Anal biopsy sample
2.16.840.1.113762.1.4.1099.54,SpecimenType,20240606,309266009,Anal polyp sample
2.16.840.1.113762.1.4.1099.54,SpecimenType,20240606,309267000,Anal resection sample
2.16.840.1.113762.1.4.1099.54,SpecimenType,20240606,309268005,Urological fluid sample
2.16.840.1.113762.1.4.1099.54,SpecimenType,20240606,309269002,Kidney biopsy sample
2.16.840.1.113762.1.4.1099.54,SpecimenType,20240606,309270001,Nephrectomy sample
2.16.840.1.113762.1.4.1099.54,SpecimenType,20240606,309271002,Ureter biopsy sample
2.16.840.1.113762.1.4.1099.54,SpecimenType,20240606,309272009,Urinary bladder tissue sample
2.16.840.1.113762.1.4.1099.54,SpecimenType,20240606,309273004,Bladder biopsy sample
2.16.840.1.113762.1.4.1099.54,SpecimenType,20240606,309274005,Bladder curettings sample
2.16.840.1.113762.1.4.1099.54,SpecimenType,20240606,309275006,Cystectomy sample
2.16.840.1.113762.1.4.1099.54,SpecimenType,20240606,309276007,Frozen section bladder sample
2.16.840.1.113762.1.4.1099.54,SpecimenType,20240606,309277003,Urethra biopsy sample
2.16.840.1.113762.1.4.1099.54,SpecimenType,20240606,309278008,Female genital tissue sample
2.16.840.1.113762.1.4.1099.54,SpecimenType,20240606,309280002,Vaginal biopsy sample
2.16.840.1.113762.1.4.1099.54,SpecimenType,20240606,309281003,Vaginal vault biopsy sample
2.16.840.1.113762.1.4.1099.54,SpecimenType,20240606,309283000,Cervical biopsy sample
2.16.840.1.113762.1.4.1099.54,SpecimenType,20240606,309285007,Cervical loop excision sample
2.16.840.1.113762.1.4.1099.54,SpecimenType,20240606,309286008,Cervical polyp sample
2.16.840.1.113762.1.4.1099.54,SpecimenType,20240606,309287004,"Excised uterus, fallopian tubes and ovaries sample"
2.16.840.1.113762.1.4.1099.54,SpecimenType,20240606,309288009,Endometrial polyp sample
2.16.840.1.113762.1.4.1099.54,SpecimenType,20240606,309289001,Endometrial resection sample
2.16.840.1.113762.1.4.1099.54,SpecimenType,20240606,309290005,Fallopian tube biopsy sample
2.16.840.1.113762.1.4.1099.54,SpecimenType,20240606,309291009,Ovarian cyst sample
2.16.840.1.113762.1.4.1099.54,SpecimenType,20240606,309292002,Ovarian fluid sample
2.16.840.1.113762.1.4.1099.54,SpecimenType,20240606,309293007,Placenta biopsy sample
2.16.840.1.113762.1.4.1099.54,SpecimenType,20240606,309476009,Neck block dissection sample
2.16.840.1.113762.1.4.1099.54,SpecimenType,20240606,309478005,Thrombus sample
2.16.840.1.113762.1.4.1099.54,SpecimenType,20240606,309479002,Artery sample
2.16.840.1.113762.1.4.1099.54,SpecimenType,20240606,309480004,Vein sample
2.16.840.1.113762.1.4.1099.54,SpecimenType,20240606,309481000,Temporal artery sample
2.16.840.1.113762.1.4.1099.54,SpecimenType,20240606,309482007,Frozen section lymph node sample
2.16.840.1.113762.1.4.1099.54,SpecimenType,20240606,309483002,Lip biopsy sample
2.16.840.1.113762.1.4.1099.54,SpecimenType,20240606,309484008,Parotidectomy sample
2.16.840.1.113762.1.4.1099.54,SpecimenType,20240606,309485009,Excised sublingual gland sample
2.16.840.1.113762.1.4.1099.54,SpecimenType,20240606,309486005,Excised submandibular gland sample
2.16.840.1.113762.1.4.1099.54,SpecimenType,20240606,309487001,Total colectomy sample
2.16.840.1.113762.1.4.1099.54,SpecimenType,20240606,309488006,Partial colectomy sample
2.16.840.1.113762.1.4.1099.54,SpecimenType,20240606,309489003,Anterior resection of rectum sample
2.16.840.1.113762.1.4.1099.54,SpecimenType,20240606,309490007,Pancreatectomy sample
2.16.840.1.113762.1.4.1099.54,SpecimenType,20240606,309491006,Biliary tract tissue sample
2.16.840.1.113762.1.4.1099.54,SpecimenType,20240606,309493009,Bile duct biopsy sample
2.16.840.1.113762.1.4.1099.54,SpecimenType,20240606,309494003,Ampulla of Vater biopsy sample
2.16.840.1.113762.1.4.1099.54,SpecimenType,20240606,309495002,Omentum tissue sample
2.16.840.1.113762.1.4.1099.54,SpecimenType,20240606,309496001,Omentectomy sample
2.16.840.1.113762.1.4.1099.54,SpecimenType,20240606,309497005,Total nephrectomy sample
2.16.840.1.113762.1.4.1099.54,SpecimenType,20240606,309498000,Partial nephrectomy sample
2.16.840.1.113762.1.4.1099.54,SpecimenType,20240606,309499008,Foreskin biopsy sample
2.16.840.1.113762.1.4.1099.54,SpecimenType,20240606,309501000,Excised uterus sample
2.16.840.1.113762.1.4.1099.54,SpecimenType,20240606,309502007,Fetus specimen
2.16.840.1.113762.1.4.1099.54,SpecimenType,20240606,309503002,Breast nipple discharge sample
2.16.840.1.113762.1.4.1099.54,SpecimenType,20240606,309504008,Skin punch biopsy sample
2.16.840.1.113762.1.4.1099.54,SpecimenType,20240606,309505009,Skin incision biopsy sample
2.16.840.1.113762.1.4.1099.54,SpecimenType,20240606,309506005,Skin excision biopsy sample
2.16.840.1.113762.1.4.1099.54,SpecimenType,20240606,309507001,Muscle biopsy sample
2.16.840.1.113762.1.4.1099.54,SpecimenType,20240606,309508006,Soft tissue lesion fine needle aspirate sample
2.16.840.1.113762.1.4.1099.54,SpecimenType,20240606,309546004,Lumpectomy breast sample
2.16.840.1.113762.1.4.1099.54,SpecimenType,20240606,309547008,Segmentectomy breast sample
2.16.840.1.113762.1.4.1099.54,SpecimenType,20240606,309548003,Breast duct sample
2.16.840.1.113762.1.4.1099.54,SpecimenType,20240606,309549006,Minor salivary gland sample
2.16.840.1.113762.1.4.1099.54,SpecimenType,20240606,312494007,Vaginal vault smear sample
2.16.840.1.113762.1.4.1099.54,SpecimenType,20240606,363311008,Specimen from digestive system
2.16.840.1.113762.1.4.1099.54,SpecimenType,20240606,363328006,Tissue specimen from digestive system
2.16.840.1.113762.1.4.1099.54,SpecimenType,20240606,363329003,Tissue specimen from respiratory system
2.16.840.1.113762.1.4.1099.54,SpecimenType,20240606,369611008,Tissue specimen obtained from small intestine by biopsy
2.16.840.1.113762.1.4.1099.54,SpecimenType,20240606,369613006,Tissue specimen obtained for Hodgkin's disease by biopsy
2.16.840.1.113762.1.4.1099.54,SpecimenType,20240606,369614000,Tissue specimen obtained from extrahepatic bile ducts by biopsy
2.16.840.1.113762.1.4.1099.54,SpecimenType,20240606,369615004,Tissue specimen obtained from extrahepatic bile ducts by choledochal cyst resection
2.16.840.1.113762.1.4.1099.54,SpecimenType,20240606,369616003,Tissue specimen obtained from gallbladder by biopsy
2.16.840.1.113762.1.4.1099.54,SpecimenType,20240606,369617007,Tissue specimen obtained from gallbladder by cholecystectomy with partial hepatectomy
2.16.840.1.113762.1.4.1099.54,SpecimenType,20240606,369618002,Tissue specimen otained from vulva by biopsy
2.16.840.1.113762.1.4.1099.54,SpecimenType,20240606,370108001,Extrahepatic bile duct cytologic material
2.16.840.1.113762.1.4.1099.54,SpecimenType,20240606,371780008,Specimen for identification (specimen)
2.16.840.1.113762.1.4.1099.54,SpecimenType,20240606,371782000,Human bone for identification (specimen)
2.16.840.1.113762.1.4.1099.54,SpecimenType,20240606,371783005,Human tissue for identification (specimen)
2.16.840.1.113762.1.4.1099.54,SpecimenType,20240606,371784004,Body parts for identification (specimen)
2.16.840.1.113762.1.4.1099.54,SpecimenType,20240606,373101006,Breast cytologic material obtained by percutaneous core biopsy (specimen)
2.16.840.1.113762.1.4.1099.54,SpecimenType,20240606,373102004,Breast tissue obtained by image guided core biopsy (specimen)
2.16.840.1.113762.1.4.1099.54,SpecimenType,20240606,373103009,Breast cytologic material obtained by incisional biopsy (specimen)
2.16.840.1.113762.1.4.1099.54,SpecimenType,20240606,373192005,Lymph node from axillary dissection (specimen)
2.16.840.1.113762.1.4.1099.54,SpecimenType,20240606,373193000,Lymph node from sentinel lymph node dissection (specimen)
2.16.840.1.113762.1.4.1099.54,SpecimenType,20240606,373826004,Surgical excision sample (specimen)
2.16.840.1.113762.1.4.1099.54,SpecimenType,20240606,384744003,Lymph node from sentinel lymph node dissection and axillary dissection (specimen)
2.16.840.1.113762.1.4.1099.54,SpecimenType,20240606,384746001,Specimen from lung obtained by wedge biopsy (specimen)
2.16.840.1.113762.1.4.1099.54,SpecimenType,20240606,384747005,Specimen from lung obtained by CT guided needle biopsy (specimen)
2.16.840.1.113762.1.4.1099.54,SpecimenType,20240606,384819001,Specimen from prostate obtained by needle biopsy (specimen)
2.16.840.1.113762.1.4.1099.54,SpecimenType,20240606,384820007,Specimen from prostate obtained by transurethral resection (specimen)
2.16.840.1.113762.1.4.1099.54,SpecimenType,20240606,385338007,Specimen from anus obtained by transanal disk excision (specimen)
2.16.840.1.113762.1.4.1099.54,SpecimenType,20240606,385339004,"Specimen from anus obtained by transanal disk excision, intact (specimen)"
2.16.840.1.113762.1.4.1099.54,SpecimenType,20240606,385340002,"Specimen from anus obtained by transanal disk excision, fragmented (specimen)"
2.16.840.1.113762.1.4.1099.54,SpecimenType,20240606,396273004,Specimen from uterine cervix obtained by excision of cervix (specimen)
2.16.840.1.113762.1.4.1099.54,SpecimenType,20240606,396353007,Specimen from skin obtained by elliptical excision (specimen)
2.16.840.1.113762.1.4.1099.54,SpecimenType,20240606,396354001,Specimen from skin obtained by wide excision (specimen)
2.16.840.1.113762.1.4.1099.54,SpecimenType,20240606,396355000,Specimen from skin obtained by excision (specimen)
2.16.840.1.113762.1.4.1099.54,SpecimenType,20240606,396356004,Specimen from skin obtained by re-excision (specimen)
2.16.840.1.113762.1.4.1099.54,SpecimenType,20240606,396357008,Specimen from skin obtained by elliptical re-excision (specimen)
2.16.840.1.113762.1.4.1099.54,SpecimenType,20240606,396358003,Specimen from skin obtained by wide re-excision (specimen)
2.16.840.1.113762.1.4.1099.54,SpecimenType,20240606,396359006,Lymph node from regional lymph node dissection (specimen)
2.16.840.1.113762.1.4.1099.54,SpecimenType,20240606,396476009,Specimen from liver obtained by right lobectomy (specimen)
2.16.840.1.113762.1.4.1099.54,SpecimenType,20240606,396477000,Specimen from liver obtained by extended right lobectomy (specimen)
2.16.840.1.113762.1.4.1099.54,SpecimenType,20240606,396478005,Specimen from liver obtained by medial segmentectomy (specimen)
2.16.840.1.113762.1.4.1099.54,SpecimenType,20240606,396479002,Specimen from liver obtained by left lateral segmentectomy (specimen)
2.16.840.1.113762.1.4.1099.54,SpecimenType,20240606,396480004,Specimen from liver obtained by total left lobectomy (specimen)
2.16.840.1.113762.1.4.1099.54,SpecimenType,20240606,396481000,Specimen from explanted liver (specimen)
2.16.840.1.113762.1.4.1099.54,SpecimenType,20240606,396483002,Specimen from skin obtained by shave excision (specimen)
2.16.840.1.113762.1.4.1099.54,SpecimenType,20240606,396525008,Specimen from adrenal gland obtained by needle biopsy (specimen)
2.16.840.1.113762.1.4.1099.54,SpecimenType,20240606,396526009,Specimen from adrenal gland obtained by partial adrenalectomy (specimen)
2.16.840.1.113762.1.4.1099.54,SpecimenType,20240606,396527000,Specimen from adrenal gland obtained by total adrenalectomy (specimen)
2.16.840.1.113762.1.4.1099.54,SpecimenType,20240606,396685001,Specimen from urinary bladder obtained by radical cystectomy (specimen)
2.16.840.1.113762.1.4.1099.54,SpecimenType,20240606,396804002,"Specimen from pancreas obtained by pylorus sparing pancreaticoduodenectomy, partial pancreatectomy (specimen)"
2.16.840.1.113762.1.4.1099.54,SpecimenType,20240606,396805001,"Specimen from pancreas obtained by pylorus sparing pancreaticoduodenectomy, total pancreatectomy (specimen)"
2.16.840.1.113762.1.4.1099.54,SpecimenType,20240606,396806000,"Specimen from pancreas obtained by pancreaticoduodenectomy, partial pancreatectomy (specimen)"
2.16.840.1.113762.1.4.1099.54,SpecimenType,20240606,396807009,"Specimen from pancreas obtained by pancreaticoduodenectomy, total pancreatectomy (specimen)"
2.16.840.1.113762.1.4.1099.54,SpecimenType,20240606,396896007,Specimen from thymus gland (specimen)
2.16.840.1.113762.1.4.1099.54,SpecimenType,20240606,396897003,Specimen from thymus gland obtained by transcervical thymectomy (specimen)
2.16.840.1.113762.1.4.1099.54,SpecimenType,20240606,396898008,Specimen from thymus gland obtained by thoracotomy (specimen)
2.16.840.1.113762.1.4.1099.54,SpecimenType,20240606,396899000,Specimen from thymus gland obtained by fine needle aspiration biopsy (specimen)
2.16.840.1.113762.1.4.1099.54,SpecimenType,20240606,396900005,Specimen from thymus gland obtained by CT guided needle biopsy (specimen)
2.16.840.1.113762.1.4.1099.54,SpecimenType,20240606,396902002,Specimen from thymus gland obtained by transthoracic needle biopsy (specimen)
2.16.840.1.113762.1.4.1099.54,SpecimenType,20240606,396904001,Specimen from thymus gland obtained by limited thoracotomy (specimen)
2.16.840.1.113762.1.4.1099.54,SpecimenType,20240606,396906004,Specimen from thymus gland obtained by video assisted thoracotomy (specimen)
2.16.840.1.113762.1.4.1099.54,SpecimenType,20240606,396928004,Specimen from eye obtained by enucleation (specimen)
2.16.840.1.113762.1.4.1099.54,SpecimenType,20240606,396997002,Specimen from bone marrow obtained by aspiration (specimen)
2.16.840.1.113762.1.4.1099.54,SpecimenType,20240606,396998007,Specimen from bone marrow obtained by aspiration and biopsy (specimen)
2.16.840.1.113762.1.4.1099.54,SpecimenType,20240606,396999004,Specimen from bone marrow obtained by biopsy (specimen)
2.16.840.1.113762.1.4.1099.54,SpecimenType,20240606,397053005,Specimen from small intestine obtained by polypectomy (specimen)
2.16.840.1.113762.1.4.1099.54,SpecimenType,20240606,397055003,Specimen from small intestine obtained by segmental resection (specimen)
2.16.840.1.113762.1.4.1099.54,SpecimenType,20240606,397056002,Specimen from small intestine obtained by Whipple procedure (specimen)
2.16.840.1.113762.1.4.1099.54,SpecimenType,20240606,397077004,Specimen obtained by incisional biopsy (specimen)
2.16.840.1.113762.1.4.1099.54,SpecimenType,20240606,397078009,Specimen obtained by excisional biopsy (specimen)
2.16.840.1.113762.1.4.1099.54,SpecimenType,20240606,397111007,Specimen from vagina obtained by partial vaginectomy (specimen)
2.16.840.1.113762.1.4.1099.54,SpecimenType,20240606,397129002,Specimen from vulva (specimen)
2.16.840.1.113762.1.4.1099.54,SpecimenType,20240606,397130007,Specimen from vulva obtained by local excision (specimen)
2.16.840.1.113762.1.4.1099.54,SpecimenType,20240606,397131006,Specimen from vulva obtained by wide excision (specimen)
2.16.840.1.113762.1.4.1099.54,SpecimenType,20240606,397132004,Specimen from vulva obtained by partial vulvectomy (specimen)
2.16.840.1.113762.1.4.1099.54,SpecimenType,20240606,397133009,Specimen from vulva obtained by total vulvectomy (specimen)
2.16.840.1.113762.1.4.1099.54,SpecimenType,20240606,397134003,Specimen from vulva obtained by radical vulvectomy (specimen)
2.16.840.1.113762.1.4.1099.54,SpecimenType,20240606,397135002,Specimen from pelvic lymph node (specimen)
2.16.840.1.113762.1.4.1099.54,SpecimenType,20240606,397136001,Specimen from inguinofemoral lymphadenectomy (specimen)
2.16.840.1.113762.1.4.1099.54,SpecimenType,20240606,397199005,Specimen from breast obtained by excision (specimen)
2.16.840.1.113762.1.4.1099.54,SpecimenType,20240606,397221008,Specimen from renal pelvis obtained by biopsy (specimen)
2.16.840.1.113762.1.4.1099.54,SpecimenType,20240606,397232008,Specimen from renal pelvis obtained by nephroureterectomy (specimen)
2.16.840.1.113762.1.4.1099.54,SpecimenType,20240606,397233003,Specimen from renal pelvis (specimen)
2.16.840.1.113762.1.4.1099.54,SpecimenType,20240606,397234009,Specimen from renal pelvis obtained by partial nephroureterectomy (specimen)
2.16.840.1.113762.1.4.1099.54,SpecimenType,20240606,397235005,Specimen from renal pelvis obtained by complete nephroureterectomy (specimen)
2.16.840.1.113762.1.4.1099.54,SpecimenType,20240606,397245007,Specimen from ovary obtained by hysterectomy with right salpingo-oophorectomy (specimen)
2.16.840.1.113762.1.4.1099.54,SpecimenType,20240606,397246008,Specimen from ovary obtained by hysterectomy with left salpingo-oophorectomy (specimen)
2.16.840.1.113762.1.4.1099.54,SpecimenType,20240606,397326000,Specimen from right fallopian tube obtained by hysterectomy with salpingo-oophorectomy (specimen)
2.16.840.1.113762.1.4.1099.54,SpecimenType,20240606,397333000,Specimen from right fallopian tube obtained by salpingectomy (specimen)
2.16.840.1.113762.1.4.1099.54,SpecimenType,20240606,397334006,Specimen from left fallopian tube obtained by salpingectomy (specimen)
2.16.840.1.113762.1.4.1099.54,SpecimenType,20240606,397436009,Specimen obtained by lymphadenctomy (specimen)
2.16.840.1.113762.1.4.1099.54,SpecimenType,20240606,397438005,Specimen from lymph node obtained by staging laparotomy (specimen)
2.16.840.1.113762.1.4.1099.54,SpecimenType,20240606,397455009,Specimen from thoracic mesothelium obtained by percutaneous needle biopsy (specimen)
2.16.840.1.113762.1.4.1099.54,SpecimenType,20240606,397456005,Specimen from thoracic mesothelium obtained by thoracoscopic biopsy (specimen)
2.16.840.1.113762.1.4.1099.54,SpecimenType,20240606,397457001,Specimen from thoracic mesothelium (specimen)
2.16.840.1.113762.1.4.1099.54,SpecimenType,20240606,397458006,Specimen from thoracic mesothelium obtained by open thoracotomy (specimen)
2.16.840.1.113762.1.4.1099.54,SpecimenType,20240606,397462000,Specimen from pericardium obtained by pericardial resection (specimen)
2.16.840.1.113762.1.4.1099.54,SpecimenType,20240606,397482001,Specimen from extrahepatic bile duct obtained by pancreaticoduodenectomy (specimen)
2.16.840.1.113762.1.4.1099.54,SpecimenType,20240606,397483006,Specimen from extrahepatic bile duct obtained by segmental resection of bile ducts (specimen)
2.16.840.1.113762.1.4.1099.54,SpecimenType,20240606,399388008,Specimen from left fallopian tube obtained by hysterectomy with salpingo-oophorectomy (specimen)
2.16.840.1.113762.1.4.1099.54,SpecimenType,20240606,399396003,Trophoblastic tissue obtained from uterus by dilation and curettage (specimen)
2.16.840.1.113762.1.4.1099.54,SpecimenType,20240606,399402006,Specimen from ureter (specimen)
2.16.840.1.113762.1.4.1099.54,SpecimenType,20240606,399407000,Specimen from ureter obtained by ureterectomy (specimen)
2.16.840.1.113762.1.4.1099.54,SpecimenType,20240606,399411006,Specimen from trophoblast (specimen)
2.16.840.1.113762.1.4.1099.54,SpecimenType,20240606,399436000,Specimen from central nervous system (specimen)
2.16.840.1.113762.1.4.1099.54,SpecimenType,20240606,399440009,Specimen from ureter obtained by nephroureterectomy (specimen)
2.16.840.1.113762.1.4.1099.54,SpecimenType,20240606,399443006,Specimen from eye obtained by complete exenteration (specimen)
2.16.840.1.113762.1.4.1099.54,SpecimenType,20240606,399447007,Trophoblastic tissue obtained by radical hysterectomy (specimen)
2.16.840.1.113762.1.4.1099.54,SpecimenType,20240606,399451009,Tissue specimen from retina (specimen)
2.16.840.1.113762.1.4.1099.54,SpecimenType,20240606,399460001,Specimen from extrahepatic bile duct (specimen)
2.16.840.1.113762.1.4.1099.54,SpecimenType,20240606,399467003,Specimen from uvea obtained by limited exenteration of eye (specimen)
2.16.840.1.113762.1.4.1099.54,SpecimenType,20240606,399484009,Superficial parotidectomy sample (specimen)
2.16.840.1.113762.1.4.1099.54,SpecimenType,20240606,399486006,Tissue specimen from vulva (specimen)
2.16.840.1.113762.1.4.1099.54,SpecimenType,20240606,399492000,Tissue specimen from lung (specimen)
2.16.840.1.113762.1.4.1099.54,SpecimenType,20240606,399499009,Specimen from uvea obtained by complete exenteration of eye (specimen)
2.16.840.1.113762.1.4.1099.54,SpecimenType,20240606,399502008,Trophoblastic tissue obtained by pelvic exenteration (specimen)
2.16.840.1.113762.1.4.1099.54,SpecimenType,20240606,399512001,Specimen from retina obtained by enucleation of eye (specimen)
2.16.840.1.113762.1.4.1099.54,SpecimenType,20240606,399526005,Specimen from major salivary gland (specimen)
2.16.840.1.113762.1.4.1099.54,SpecimenType,20240606,399532000,Tissue specimen from renal pelvis (specimen)
2.16.840.1.113762.1.4.1099.54,SpecimenType,20240606,399541005,Tissue specimen from extrahepatic bile duct (specimen)
2.16.840.1.113762.1.4.1099.54,SpecimenType,20240606,399542003,Tissue specimen from central nervous system (specimen)
2.16.840.1.113762.1.4.1099.54,SpecimenType,20240606,399551006,Specimen from central nervous system obtained by open biopsy (specimen)
2.16.840.1.113762.1.4.1099.54,SpecimenType,20240606,399559008,Specimen from uvea obtained by enucleation of eye (specimen)
2.16.840.1.113762.1.4.1099.54,SpecimenType,20240606,399572009,Tissue specimen from thymus gland (specimen)
2.16.840.1.113762.1.4.1099.54,SpecimenType,20240606,399603006,Specimen from retina obtained by complete exenteration of eye (specimen)
2.16.840.1.113762.1.4.1099.54,SpecimenType,20240606,399614009,Specimen from central nervous system obtained by total resection of tumor (specimen)
2.16.840.1.113762.1.4.1099.54,SpecimenType,20240606,399619004,Tissue specimen from uvea (specimen)
2.16.840.1.113762.1.4.1099.54,SpecimenType,20240606,399622002,Specimen from thyroid obtained by total thyroidectomy (specimen)
2.16.840.1.113762.1.4.1099.54,SpecimenType,20240606,399624001,Tissue specimen from ureter (specimen)
2.16.840.1.113762.1.4.1099.54,SpecimenType,20240606,399629006,Specimen from stomach obtained by gastrectomy (specimen)
2.16.840.1.113762.1.4.1099.54,SpecimenType,20240606,399633004,Specimen from thymus gland obtained by biopsy (specimen)
2.16.840.1.113762.1.4.1099.54,SpecimenType,20240606,399640003,Specimen from retina obtained by limited exenteration of eye (specimen)
2.16.840.1.113762.1.4.1099.54,SpecimenType,20240606,399645008,Tissue specimen from major salivary gland (specimen)
2.16.840.1.113762.1.4.1099.54,SpecimenType,20240606,399649002,Specimen from regional lymph node obtained by lymphadectomy (specimen)
2.16.840.1.113762.1.4.1099.54,SpecimenType,20240606,399657004,Tissue specimen from trophoblast (specimen)
2.16.840.1.113762.1.4.1099.54,SpecimenType,20240606,399658009,Trophoblastic tissue obtained by hysterectomy (specimen)
2.16.840.1.113762.1.4.1099.54,SpecimenType,20240606,399661005,Specimen from pelvic lymphadenectomy (specimen)
2.16.840.1.113762.1.4.1099.54,SpecimenType,20240606,399672000,Tissue specimen from thoracic mesothelium (specimen)
2.16.840.1.113762.1.4.1099.54,SpecimenType,20240606,399680007,Specimen from thyroid (specimen)
2.16.840.1.113762.1.4.1099.54,SpecimenType,20240606,399689008,Specimen from thyroid obtained by thyroidectomy (specimen)
2.16.840.1.113762.1.4.1099.54,SpecimenType,20240606,399693002,Total parotidectomy sample (specimen)
2.16.840.1.113762.1.4.1099.54,SpecimenType,20240606,399713008,Specimen from uterine cervix obtained by cone biopsy (specimen)
2.16.840.1.113762.1.4.1099.54,SpecimenType,20240606,399728008,Specimen from central nervous system obtained by stereotactically guided core needle biopsy (specimen)
2.16.840.1.113762.1.4.1099.54,SpecimenType,20240606,399731009,Specimen from anus obtained by excision of anal polyp (specimen)
2.16.840.1.113762.1.4.1099.54,SpecimenType,20240606,399732002,Specimen from central nervous system obtained by partial excision of tumor (specimen)
2.16.840.1.113762.1.4.1099.54,SpecimenType,20240606,399735000,Specimen from eye obtained by limited exenteration (specimen)
2.16.840.1.113762.1.4.1099.54,SpecimenType,20240606,399741007,Specimen from kidney obtained by radical nephrectomy (specimen)
2.16.840.1.113762.1.4.1099.54,SpecimenType,20240606,399747006,Specimen from salivary gland (specimen)
2.16.840.1.113762.1.4.1099.54,SpecimenType,20240606,399751008,Specimen from uterus obtained by dilation and curettage (specimen)
2.16.840.1.113762.1.4.1099.54,SpecimenType,20240606,399752001,Specimen from anus obtained by abdominoperineal resection (specimen)
2.16.840.1.113762.1.4.1099.54,SpecimenType,20240606,404643001,Sputum smear specimen (specimen)
2.16.840.1.113762.1.4.1099.54,SpecimenType,20240606,405902005,Specimen obtained by radical excision (specimen)
2.16.840.1.113762.1.4.1099.54,SpecimenType,20240606,406101006,Tissue specimen from axilla (specimen)
2.16.840.1.113762.1.4.1099.54,SpecimenType,20240606,408654003,Specimen obtained by amputation (specimen)
2.16.840.1.113762.1.4.1099.54,SpecimenType,20240606,409821005,Urine specimen - timed (specimen)
2.16.840.1.113762.1.4.1099.54,SpecimenType,20240606,409876003,Oral mucosal transudate sample (specimen)
2.16.840.1.113762.1.4.1099.54,SpecimenType,20240606,410580001,Respiratory fluid specimen (specimen)
2.16.840.1.113762.1.4.1099.54,SpecimenType,20240606,410581002,Upper respiratory fluid sample (specimen)
2.16.840.1.113762.1.4.1099.54,SpecimenType,20240606,410729004,Amniocentesis fluid sample (specimen)
2.16.840.1.113762.1.4.1099.54,SpecimenType,20240606,415293009,Respiratory secretion (specimen)
2.16.840.1.113762.1.4.1099.54,SpecimenType,20240606,415563002,Specimen from pancreas obtained by excisional biopsy (specimen)
2.16.840.1.113762.1.4.1099.54,SpecimenType,20240606,418564007,Pleural fluid specimen (specimen)
2.16.840.1.113762.1.4.1099.54,SpecimenType,20240606,418932006,Oral swab (specimen)
2.16.840.1.113762.1.4.1099.54,SpecimenType,20240606,419695002,Environmental swab (specimen)
2.16.840.1.113762.1.4.1099.54,SpecimenType,20240606,420548004,Specimen from mass lesion (specimen)
2.16.840.1.113762.1.4.1099.54,SpecimenType,20240606,421615004,Specimen from appendix obtained by appendectomy (specimen)
2.16.840.1.113762.1.4.1099.54,SpecimenType,20240606,422991009,Specimen from appendix and right colon obtained by appendectomy and right hemicolectomy (specimen)
2.16.840.1.113762.1.4.1099.54,SpecimenType,20240606,423671006,Specimen from peritioneal tumor implant (specimen)
2.16.840.1.113762.1.4.1099.54,SpecimenType,20240606,423696009,Specimen from appendix and colon obtained by appendectomy and right colectomy (specimen)
2.16.840.1.113762.1.4.1099.54,SpecimenType,20240606,425804000,Specimen obtained by wide resection (specimen)
2.16.840.1.113762.1.4.1099.54,SpecimenType,20240606,426815000,Specimen obtained by marginal resection (specimen)
2.16.840.1.113762.1.4.1099.54,SpecimenType,20240606,426924005,Specimen obtained by intralesional resection (specimen)
2.16.840.1.113762.1.4.1099.54,SpecimenType,20240606,427558003,Specimen obtained by core needle biopsy (specimen)
2.16.840.1.113762.1.4.1099.54,SpecimenType,20240606,429832000,Biliary fluid specimen obtained by drainage (specimen)
2.16.840.1.113762.1.4.1099.54,SpecimenType,20240606,429836002,Specimen from maxillary sinus obtained by irrigation (specimen)
2.16.840.1.113762.1.4.1099.54,SpecimenType,20240606,430117006,Eye region cytologic material (specimen)
2.16.840.1.113762.1.4.1099.54,SpecimenType,20240606,430131006,Specimen from seminal vesicle (specimen)
2.16.840.1.113762.1.4.1099.54,SpecimenType,20240606,430132004,Specimen from sympathetic nerve ganglion (specimen)
2.16.840.1.113762.1.4.1099.54,SpecimenType,20240606,430133009,Specimen from lip (specimen)
2.16.840.1.113762.1.4.1099.54,SpecimenType,20240606,430144001,Specimen from larynx (specimen)
2.16.840.1.113762.1.4.1099.54,SpecimenType,20240606,430157009,Specimen from meninges (specimen)
2.16.840.1.113762.1.4.1099.54,SpecimenType,20240606,430214008,Specimen from lower limb (specimen)
2.16.840.1.113762.1.4.1099.54,SpecimenType,20240606,430221008,Specimen from spinal cord (specimen)
2.16.840.1.113762.1.4.1099.54,SpecimenType,20240606,430222001,Specimen from tonsil (specimen)
2.16.840.1.113762.1.4.1099.54,SpecimenType,20240606,430228002,Specimen from tunica of testis (specimen)
2.16.840.1.113762.1.4.1099.54,SpecimenType,20240606,430232008,Specimen from trunk (specimen)
2.16.840.1.113762.1.4.1099.54,SpecimenType,20240606,430234009,Specimen from spermatic cord (specimen)
2.16.840.1.113762.1.4.1099.54,SpecimenType,20240606,430236006,Specimen from nerve (specimen)
2.16.840.1.113762.1.4.1099.54,SpecimenType,20240606,430238007,Specimen from nasal sinus (specimen)
2.16.840.1.113762.1.4.1099.54,SpecimenType,20240606,430241003,Ear cytologic material (specimen)
2.16.840.1.113762.1.4.1099.54,SpecimenType,20240606,430244006,Specimen from pericardium (specimen)
2.16.840.1.113762.1.4.1099.54,SpecimenType,20240606,430245007,Specimen from nasal fossae (specimen)
2.16.840.1.113762.1.4.1099.54,SpecimenType,20240606,430246008,Specimen from upper limb (specimen)
2.16.840.1.113762.1.4.1099.54,SpecimenType,20240606,430248009,Specimen from nasopharyngeal structure (specimen)
2.16.840.1.113762.1.4.1099.54,SpecimenType,20240606,430249001,Specimen from tongue (specimen)
2.16.840.1.113762.1.4.1099.54,SpecimenType,20240606,430250001,Specimen from peritoneum (specimen)
2.16.840.1.113762.1.4.1099.54,SpecimenType,20240606,430268003,Specimen from bone (specimen)
2.16.840.1.113762.1.4.1099.54,SpecimenType,20240606,430297000,Cytologic material obtained from unspecified body site (specimen)
2.16.840.1.113762.1.4.1099.54,SpecimenType,20240606,430304001,Specimen from unspecified body site (specimen)
2.16.840.1.113762.1.4.1099.54,SpecimenType,20240606,430309006,Cytologic material obtained from breast nipple discharge (specimen)
2.16.840.1.113762.1.4.1099.54,SpecimenType,20240606,430310001,Cytologic material obtained from sputum (specimen)
2.16.840.1.113762.1.4.1099.54,SpecimenType,20240606,430312009,Cytologic material obtained from synovial fluid (specimen)
2.16.840.1.113762.1.4.1099.54,SpecimenType,20240606,430318008,Cytologic material obtained from urine (specimen)
2.16.840.1.113762.1.4.1099.54,SpecimenType,20240606,430319000,Specimen from tooth (specimen)
2.16.840.1.113762.1.4.1099.54,SpecimenType,20240606,430346005,Liquid based cytologic material (specimen)
2.16.840.1.113762.1.4.1099.54,SpecimenType,20240606,430379005,Cytologic material obtained from pericardial fluid (specimen)
2.16.840.1.113762.1.4.1099.54,SpecimenType,20240606,430386002,Spermatozoa cytologic material (specimen)
2.16.840.1.113762.1.4.1099.54,SpecimenType,20240606,430387006,"Combined specimen of cytologic material from endocervix, ectocervix, and vaginal fornix (specimen)"
2.16.840.1.113762.1.4.1099.54,SpecimenType,20240606,430389009,Cytologic material obtained from amniotic fluid (specimen)
2.16.840.1.113762.1.4.1099.54,SpecimenType,20240606,430408004,Cytologic material obtained from pleural fluid (specimen)
2.16.840.1.113762.1.4.1099.54,SpecimenType,20240606,430855004,Touch preparation cytologic material (specimen)
2.16.840.1.113762.1.4.1099.54,SpecimenType,20240606,430856003,Tissue section (specimen)
2.16.840.1.113762.1.4.1099.54,SpecimenType,20240606,430861001,Macroscopic tissue specimen (specimen)
2.16.840.1.113762.1.4.1099.54,SpecimenType,20240606,430970004,Core sample of tissue block (specimen)
2.16.840.1.113762.1.4.1099.54,SpecimenType,20240606,431058008,Lip cytologic material (specimen)
2.16.840.1.113762.1.4.1099.54,SpecimenType,20240606,431196006,Tissue spot (specimen)
2.16.840.1.113762.1.4.1099.54,SpecimenType,20240606,431205006,Specimen from epididymis obtained by biopsy (specimen)
2.16.840.1.113762.1.4.1099.54,SpecimenType,20240606,431232001,Specimen from eye region obtained by biopsy (specimen)
2.16.840.1.113762.1.4.1099.54,SpecimenType,20240606,431233006,Specimen from fallopian tube obtained by fine needle aspiration biopsy (specimen)
2.16.840.1.113762.1.4.1099.54,SpecimenType,20240606,431234000,Specimen from fetus obtained by biopsy (specimen)
2.16.840.1.113762.1.4.1099.54,SpecimenType,20240606,431235004,Specimen from trachea obtained by fine needle aspiration biopsy (specimen)
2.16.840.1.113762.1.4.1099.54,SpecimenType,20240606,431361003,Joint fluid specimen (specimen)
2.16.840.1.113762.1.4.1099.54,SpecimenType,20240606,431404007,Specimen from bone obtained by fine needle aspiration biopsy (specimen)
2.16.840.1.113762.1.4.1099.54,SpecimenType,20240606,431405008,Specimen from ovary obtained by fine needle aspiration biopsy (specimen)
2.16.840.1.113762.1.4.1099.54,SpecimenType,20240606,431406009,Specimen from pancreas obtained by fine needle aspiration biopsy (specimen)
2.16.840.1.113762.1.4.1099.54,SpecimenType,20240606,431412004,Specimen from trunk obtained by biopsy (specimen)
2.16.840.1.113762.1.4.1099.54,SpecimenType,20240606,431413009,Specimen from tunica of testis obtained by biopsy (specimen)
2.16.840.1.113762.1.4.1099.54,SpecimenType,20240606,431696005,Specimen from spermatic cord obtained by fine needle aspiration biopsy (specimen)
2.16.840.1.113762.1.4.1099.54,SpecimenType,20240606,431697001,Specimen from spinal cord obtained by biopsy (specimen)
2.16.840.1.113762.1.4.1099.54,SpecimenType,20240606,431771004,Cytologic material obtained from ascitic fluid (specimen)
2.16.840.1.113762.1.4.1099.54,SpecimenType,20240606,431776009,Swab of surgical drain (specimen)
2.16.840.1.113762.1.4.1099.54,SpecimenType,20240606,431884001,Specimen from galbladder obtained by fine needle aspiration biopsy (specimen)
2.16.840.1.113762.1.4.1099.54,SpecimenType,20240606,431889006,Specimen from upper limb obtained by biopsy (specimen)
2.16.840.1.113762.1.4.1099.54,SpecimenType,20240606,431905001,Swab of building drain (specimen)
2.16.840.1.113762.1.4.1099.54,SpecimenType,20240606,432057001,Specimen from seminal vesicle obtained by fine needle aspiration biopsy (specimen)
2.16.840.1.113762.1.4.1099.54,SpecimenType,20240606,432058006,Specimen from skeletal muscle obtained by biopsy (specimen)
2.16.840.1.113762.1.4.1099.54,SpecimenType,20240606,432059003,Specimen from uterus obtained by biopsy (specimen)
2.16.840.1.113762.1.4.1099.54,SpecimenType,20240606,432060008,Specimen from uterus obtained by fine needle aspiration biopsy (specimen)
2.16.840.1.113762.1.4.1099.54,SpecimenType,20240606,432061007,Specimen from vein obtained by biopsy (specimen)
2.16.840.1.113762.1.4.1099.54,SpecimenType,20240606,432097003,Specimen from artery obtained by biopsy (specimen)
2.16.840.1.113762.1.4.1099.54,SpecimenType,20240606,432098008,Specimen from bile duct obtained by fine needle aspiration biopsy (specimen)
2.16.840.1.113762.1.4.1099.54,SpecimenType,20240606,432099000,Specimen from bladder obtained by fine needle aspiration biopsy (specimen)
2.16.840.1.113762.1.4.1099.54,SpecimenType,20240606,432134009,Specimen from skin obtained by fine needle aspiration biopsy (specimen)
2.16.840.1.113762.1.4.1099.54,SpecimenType,20240606,432135005,Specimen from small intestine obtained by fine needle aspiration biopsy (specimen)
2.16.840.1.113762.1.4.1099.54,SpecimenType,20240606,432136006,Specimen from vulva obtained by fine needle aspiration biopsy (specimen)
2.16.840.1.113762.1.4.1099.54,SpecimenType,20240606,432139004,Specimen from brain obtained by biopsy (specimen)
2.16.840.1.113762.1.4.1099.54,SpecimenType,20240606,432140002,Specimen from bronchus obtained by fine needle aspiration biopsy (specimen)
2.16.840.1.113762.1.4.1099.54,SpecimenType,20240606,432141003,Specimen from parathyroid obtained by fine needle aspiration biopsy (specimen)
2.16.840.1.113762.1.4.1099.54,SpecimenType,20240606,432142005,Specimen from penis obtained by biopsy (specimen)
2.16.840.1.113762.1.4.1099.54,SpecimenType,20240606,432143000,Specimen from penis obtained by fine needle aspiration biopsy (specimen)
2.16.840.1.113762.1.4.1099.54,SpecimenType,20240606,432144006,Specimen from mediastinum obtained by fine needle aspiration biopsy (specimen)
2.16.840.1.113762.1.4.1099.54,SpecimenType,20240606,432145007,Specimen from meninges obtained by biopsy (specimen)
2.16.840.1.113762.1.4.1099.54,SpecimenType,20240606,432146008,Specimen from mesentery obtained by biopsy (specimen)
2.16.840.1.113762.1.4.1099.54,SpecimenType,20240606,432382007,Specimen from lymph node obtained by fine needle aspiration biopsy (specimen)
2.16.840.1.113762.1.4.1099.54,SpecimenType,20240606,432383002,Specimen from spleen obtained by fine needle aspiration biopsy (specimen)
2.16.840.1.113762.1.4.1099.54,SpecimenType,20240606,432384008,Specimen from stomach obtained by fine needle aspiration biopsy (specimen)
2.16.840.1.113762.1.4.1099.54,SpecimenType,20240606,432385009,Specimen from sympathetic nerve ganglion obtained by biopsy (specimen)
2.16.840.1.113762.1.4.1099.54,SpecimenType,20240606,432419006,Specimen from joint obtained by fine needle aspiration biopsy (specimen)
2.16.840.1.113762.1.4.1099.54,SpecimenType,20240606,432420000,Specimen from ureter obtained by fine needle aspiration biopsy (specimen)
2.16.840.1.113762.1.4.1099.54,SpecimenType,20240606,432436003,Specimen from hydrocele of spermatic cord (specimen)
2.16.840.1.113762.1.4.1099.54,SpecimenType,20240606,432441006,Specimen from hydrocele of tunica vaginalis (specimen)
2.16.840.1.113762.1.4.1099.54,SpecimenType,20240606,432607005,Specimen from mouth obtained by fine needle aspiration biopsy (specimen)
2.16.840.1.113762.1.4.1099.54,SpecimenType,20240606,432608000,Specimen from nasal fossae obtained by biopsy (specimen)
2.16.840.1.113762.1.4.1099.54,SpecimenType,20240606,432657002,Ganglion cyst specimen (specimen)
2.16.840.1.113762.1.4.1099.54,SpecimenType,20240606,432825001,Body secretion specimen (specimen)
2.16.840.1.113762.1.4.1099.54,SpecimenType,20240606,432864003,Specimen from large intestine obtained by fine needle aspiration biopsy (specimen)
2.16.840.1.113762.1.4.1099.54,SpecimenType,20240606,432865002,Specimen from larynx obtained by fine needle aspiration biopsy (specimen)
2.16.840.1.113762.1.4.1099.54,SpecimenType,20240606,432897002,Cytologic material obtained from joint fluid (specimen)
2.16.840.1.113762.1.4.1099.54,SpecimenType,20240606,432910000,Specimen from ear obtained by biopsy (specimen)
2.16.840.1.113762.1.4.1099.54,SpecimenType,20240606,432980007,Specimen from epididymis obtained by fine needle aspiration biopsy (specimen)
2.16.840.1.113762.1.4.1099.54,SpecimenType,20240606,432981006,Specimen from eye obtained by fine needle aspiration biopsy (specimen)
2.16.840.1.113762.1.4.1099.54,SpecimenType,20240606,432982004,Specimen from peritoneum obtained by fine needle aspiration biopsy (specimen)
2.16.840.1.113762.1.4.1099.54,SpecimenType,20240606,432983009,Specimen from pitutary gland obtained by fine needle aspiration biopsy (specimen)
2.16.840.1.113762.1.4.1099.54,SpecimenType,20240606,432984003,Specimen from thyroid obtained by biopsy (specimen)
2.16.840.1.113762.1.4.1099.54,SpecimenType,20240606,432985002,Specimen from tongue obtained by fine needle aspiration biopsy (specimen)
2.16.840.1.113762.1.4.1099.54,SpecimenType,20240606,432986001,Specimen from tooth obtained by biopsy (specimen)
2.16.840.1.113762.1.4.1099.54,SpecimenType,20240606,433115004,Specimen from lip obtained by fine needle aspiration biopsy (specimen)
2.16.840.1.113762.1.4.1099.54,SpecimenType,20240606,433116003,Specimen from liver obtained by fine needle aspiration biopsy (specimen)
2.16.840.1.113762.1.4.1099.54,SpecimenType,20240606,433117007,Specimen from lower limb obtained by biopsy (specimen)
2.16.840.1.113762.1.4.1099.54,SpecimenType,20240606,433118002,Specimen from retroperitoneum obtained by fine needle aspiration biopsy (specimen)
2.16.840.1.113762.1.4.1099.54,SpecimenType,20240606,433119005,Specimen from salivary gland obtained by biopsy (specimen)
2.16.840.1.113762.1.4.1099.54,SpecimenType,20240606,433120004,Specimen from urethra obtained by fine needle aspiration biopsy (specimen)
2.16.840.1.113762.1.4.1099.54,SpecimenType,20240606,433308004,Specimen from spleen (specimen)
2.16.840.1.113762.1.4.1099.54,SpecimenType,20240606,433309007,Specimen from omentum (specimen)
2.16.840.1.113762.1.4.1099.54,SpecimenType,20240606,433322004,Specimen from mesentery (specimen)
2.16.840.1.113762.1.4.1099.54,SpecimenType,20240606,433323009,Specimen from retroperitoneum (specimen)
2.16.840.1.113762.1.4.1099.54,SpecimenType,20240606,433324003,Specimen from eye region (specimen)
2.16.840.1.113762.1.4.1099.54,SpecimenType,20240606,433326001,Specimen from mediastinum (specimen)
2.16.840.1.113762.1.4.1099.54,SpecimenType,20240606,433760005,Specimen from spleen obtained by biopsy (specimen)
2.16.840.1.113762.1.4.1099.54,SpecimenType,20240606,433799002,Nerve ganglion specimen (specimen)
2.16.840.1.113762.1.4.1099.54,SpecimenType,20240606,433854001,Specimen from seminal vesicle obtained by biopsy (specimen)
2.16.840.1.113762.1.4.1099.54,SpecimenType,20240606,433859006,Specimen from nasal fossae obtained by fine needle aspiration biopsy (specimen)
2.16.840.1.113762.1.4.1099.54,SpecimenType,20240606,433860001,Specimen from nasal sinus obtained by biopsy (specimen)
2.16.840.1.113762.1.4.1099.54,SpecimenType,20240606,433861002,Specimen from nasal sinus obtained by fine needle aspiration biopsy (specimen)
2.16.840.1.113762.1.4.1099.54,SpecimenType,20240606,433873002,Specimen from spermatic cord obtained by biopsy (specimen)
2.16.840.1.113762.1.4.1099.54,SpecimenType,20240606,434014007,Specimen from mediastinum obtained by biopsy (specimen)
2.16.840.1.113762.1.4.1099.54,SpecimenType,20240606,434140003,Specimen from mesentery obtained by fine needle aspiration biopsy (specimen)
2.16.840.1.113762.1.4.1099.54,SpecimenType,20240606,434244002,Specimen from retroperitoneum obtained by biopsy (specimen)
2.16.840.1.113762.1.4.1099.54,SpecimenType,20240606,434249007,Specimen from ear obtained by fine needle aspiration biopsy (specimen)
2.16.840.1.113762.1.4.1099.54,SpecimenType,20240606,434250007,Specimen from pericardium obtained by biopsy (specimen)
2.16.840.1.113762.1.4.1099.54,SpecimenType,20240606,434406008,Specimen from salivary gland obtained by fine needle aspiration biopsy (specimen)
2.16.840.1.113762.1.4.1099.54,SpecimenType,20240606,438336007,Hemorrhoid tissue specimen (specimen)
2.16.840.1.113762.1.4.1099.54,SpecimenType,20240606,438343001,Swab of pilonidal sinus (specimen)
2.16.840.1.113762.1.4.1099.54,SpecimenType,20240606,438351003,Tissue specimen obtained by esophagogastrectomy (specimen)
2.16.840.1.113762.1.4.1099.54,SpecimenType,20240606,438352005,Specimen from trachea obtained by excision (specimen)
2.16.840.1.113762.1.4.1099.54,SpecimenType,20240606,438454007,Specimen from transplanted lung obtained by biopsy (specimen)
2.16.840.1.113762.1.4.1099.54,SpecimenType,20240606,438542005,Specimen from vagus nerve (specimen)
2.16.840.1.113762.1.4.1099.54,SpecimenType,20240606,438543000,Specimen from transplanted liver obtained by biopsy (specimen)
2.16.840.1.113762.1.4.1099.54,SpecimenType,20240606,438545007,Fluid specimen from spermatocele (specimen)
2.16.840.1.113762.1.4.1099.54,SpecimenType,20240606,438595008,Fluid specimen from sebaceous cyst (specimen)
2.16.840.1.113762.1.4.1099.54,SpecimenType,20240606,438659007,Specimen from liver obtained by wedge biopsy (specimen)
2.16.840.1.113762.1.4.1099.54,SpecimenType,20240606,438660002,Specimen from prosthetic device (specimen)
2.16.840.1.113762.1.4.1099.54,SpecimenType,20240606,438661003,Specimen from transplanted kidney obtained by biopsy (specimen)
2.16.840.1.113762.1.4.1099.54,SpecimenType,20240606,438803004,Tissue specimen from retroperitoneum (specimen)
2.16.840.1.113762.1.4.1099.54,SpecimenType,20240606,438804005,Tissue specimen from transplanted kidney (specimen)
2.16.840.1.113762.1.4.1099.54,SpecimenType,20240606,438805006,Whole tooth specimen (specimen)
2.16.840.1.113762.1.4.1099.54,SpecimenType,20240606,438960000,Specimen from intervertebral disc (specimen)
2.16.840.1.113762.1.4.1099.54,SpecimenType,20240606,439034006,Tissue specimen from liver obtained by excision (specimen)
2.16.840.1.113762.1.4.1099.54,SpecimenType,20240606,439479000,Tissue specimen obtained by excision (specimen)
2.16.840.1.113762.1.4.1099.54,SpecimenType,20240606,439580004,Urine collection pad submitted as specimen (specimen)
2.16.840.1.113762.1.4.1099.54,SpecimenType,20240606,439628000,Urinary collection bag submitted as specimen (specimen)
2.16.840.1.113762.1.4.1099.54,SpecimenType,20240606,439895009,Tissue specimen from nose obtained by excision (specimen)
2.16.840.1.113762.1.4.1099.54,SpecimenType,20240606,439961009,Implant submitted as specimen (specimen)
2.16.840.1.113762.1.4.1099.54,SpecimenType,20240606,440135000,Specimen from ureter obtained by brush biopsy (specimen)
2.16.840.1.113762.1.4.1099.54,SpecimenType,20240606,440136004,Specimen from cranium (specimen)
2.16.840.1.113762.1.4.1099.54,SpecimenType,20240606,440137008,Specimen obtained by peritoneal lavage (specimen)
2.16.840.1.113762.1.4.1099.54,SpecimenType,20240606,440138003,Specimen containing crystals from synovial joint (specimen)
2.16.840.1.113762.1.4.1099.54,SpecimenType,20240606,440229008,Specimen from environment (specimen)
2.16.840.1.113762.1.4.1099.54,SpecimenType,20240606,440468004,Tampon submitted as specimen (specimen)
2.16.840.1.113762.1.4.1099.54,SpecimenType,20240606,440469007,Tissue specimen from ectopic pregnancy (specimen)
2.16.840.1.113762.1.4.1099.54,SpecimenType,20240606,440472000,Specimen from transplanted lung obtained by excision (specimen)
2.16.840.1.113762.1.4.1099.54,SpecimenType,20240606,440473005,Contact lens submitted as specimen (specimen)
2.16.840.1.113762.1.4.1099.54,SpecimenType,20240606,440493002,Graft specimen from patient (specimen)
2.16.840.1.113762.1.4.1099.54,SpecimenType,20240606,440500007,Blood spot specimen (specimen)
2.16.840.1.113762.1.4.1099.54,SpecimenType,20240606,440502004,Soft tissue specimen obtained by excision (specimen)
2.16.840.1.113762.1.4.1099.54,SpecimenType,20240606,440515008,Specimen of targeted lesion obtained by biopsy (specimen)
2.16.840.1.113762.1.4.1099.54,SpecimenType,20240606,440674008,Specimen obtained by lavage (specimen)
2.16.840.1.113762.1.4.1099.54,SpecimenType,20240606,440675009,Specimen from upper urinary tract obtained by lavage (specimen)
2.16.840.1.113762.1.4.1099.54,SpecimenType,20240606,441479001,Fresh tissue specimen
2.16.840.1.113762.1.4.1099.54,SpecimenType,20240606,441510007,Blood specimen with anticoagulant
2.16.840.1.113762.1.4.1099.54,SpecimenType,20240606,441518000,Lymphoblastoid cell line specimen
2.16.840.1.113762.1.4.1099.54,SpecimenType,20240606,441620008,Oral fluid specimen
2.16.840.1.113762.1.4.1099.54,SpecimenType,20240606,441652008,Formalin-fixed paraffin-embedded tissue specimen
2.16.840.1.113762.1.4.1099.54,SpecimenType,20240606,441673008,Ribonucleic acid specimen
2.16.840.1.113762.1.4.1099.54,SpecimenType,20240606,441694006,Specimen from axillary lymph node obtained by fine needle aspiration biopsy
2.16.840.1.113762.1.4.1099.54,SpecimenType,20240606,441695007,Specimen from parotid gland obtained by fine needle aspiration biopsy
2.16.840.1.113762.1.4.1099.54,SpecimenType,20240606,441709004,Specimen from sentinel lymph node
2.16.840.1.113762.1.4.1099.54,SpecimenType,20240606,441710009,Specimen from testis obtained by fine needle aspiration biopsy
2.16.840.1.113762.1.4.1099.54,SpecimenType,20240606,441749007,Specimen from submandibular gland obtained by fine needle aspiration biopsy
2.16.840.1.113762.1.4.1099.54,SpecimenType,20240606,441750007,Specimen from abdominal cavity structure obtained by fine needle aspiration biopsy
2.16.840.1.113762.1.4.1099.54,SpecimenType,20240606,441792002,Specimen from adrenal gland obtained by fine needle aspiration biopsy
2.16.840.1.113762.1.4.1099.54,SpecimenType,20240606,441810001,Specimen from soft tissue obtained by fine needle aspiration biopsy
2.16.840.1.113762.1.4.1099.54,SpecimenType,20240606,441876003,Specimen from sublingual gland obtained by fine needle aspiration biopsy
2.16.840.1.113762.1.4.1099.54,SpecimenType,20240606,441884004,Specimen from prostate obtained by fine needle aspiration biopsy
2.16.840.1.113762.1.4.1099.54,SpecimenType,20240606,441903006,Specimen obtained by bronchial aspiration
2.16.840.1.113762.1.4.1099.54,SpecimenType,20240606,441906003,Specimen from pelvic structure obtained by fine needle aspiration biopsy
2.16.840.1.113762.1.4.1099.54,SpecimenType,20240606,442043001,2 hour urine specimen (specimen)
2.16.840.1.113762.1.4.1099.54,SpecimenType,20240606,442166002,a.m. serum specimen
2.16.840.1.113762.1.4.1099.54,SpecimenType,20240606,442173007,Urine specimen from nephrostomy tube
2.16.840.1.113762.1.4.1099.54,SpecimenType,20240606,442219007,p.m. specimen
2.16.840.1.113762.1.4.1099.54,SpecimenType,20240606,442427000,p.m. serum specimen
2.16.840.1.113762.1.4.1099.54,SpecimenType,20240606,442524009,a.m. specimen
2.16.840.1.113762.1.4.1099.54,SpecimenType,20240606,442649003,Specimen from adipose tissue obtained by fine needle aspiration biopsy
2.16.840.1.113762.1.4.1099.54,SpecimenType,20240606,443241002,Specimen from pineal gland (specimen)
2.16.840.1.113762.1.4.1099.54,SpecimenType,20240606,443418008,Specimen from thoracic cavity (specimen)
2.16.840.1.113762.1.4.1099.54,SpecimenType,20240606,443498007,Specimen from cerebellum (specimen)
2.16.840.1.113762.1.4.1099.54,SpecimenType,20240606,443654002,Specimen from abdominal cavity (specimen)
2.16.840.1.113762.1.4.1099.54,SpecimenType,20240606,444623009,Machine hemodialysate specimen obtained before mixing (specimen)
2.16.840.1.113762.1.4.1099.54,SpecimenType,20240606,444656005,Drainage tube submitted as specimen (specimen)
2.16.840.1.113762.1.4.1099.54,SpecimenType,20240606,444787003,Swab of endocervix (specimen)
2.16.840.1.113762.1.4.1099.54,SpecimenType,20240606,444824001,Wall of abscess (specimen)
2.16.840.1.113762.1.4.1099.54,SpecimenType,20240606,444831002,Machine hemodialysate specimen obtained after mixing (specimen)
2.16.840.1.113762.1.4.1099.54,SpecimenType,20240606,444832009,Expressed breast milk specimen after breast cleansing (specimen)
2.16.840.1.113762.1.4.1099.54,SpecimenType,20240606,444865001,Expressed breast milk specimen before breast cleansing (specimen)
2.16.840.1.113762.1.4.1099.54,SpecimenType,20240606,444936006,Fluid specimen from subdural space (specimen)
2.16.840.1.113762.1.4.1099.54,SpecimenType,20240606,444937002,Urine specimen from ureter (specimen)
2.16.840.1.113762.1.4.1099.54,SpecimenType,20240606,444946008,Dialysis fluid specimen obtained before dialysis (specimen)
2.16.840.1.113762.1.4.1099.54,SpecimenType,20240606,444959000,Peritoneal dialysis fluid specimen obtained before dialysis (specimen)
2.16.840.1.113762.1.4.1099.54,SpecimenType,20240606,444965000,Fluid specimen from epidural space (specimen)
2.16.840.1.113762.1.4.1099.54,SpecimenType,20240606,445069004,Peritoneal dialysis fluid specimen obtained after dialysis (specimen)
2.16.840.1.113762.1.4.1099.54,SpecimenType,20240606,445160003,Swab of eye (specimen)
2.16.840.1.113762.1.4.1099.54,SpecimenType,20240606,445295009,Blood specimen with edetic acid (specimen)
2.16.840.1.113762.1.4.1099.54,SpecimenType,20240606,445297001,Swab of internal nose (specimen)
2.16.840.1.113762.1.4.1099.54,SpecimenType,20240606,445364004,Swab of axilla (specimen)
2.16.840.1.113762.1.4.1099.54,SpecimenType,20240606,445367006,Swab of umbilicus (specimen)
2.16.840.1.113762.1.4.1099.54,SpecimenType,20240606,445369009,Swab of endometrium (specimen)
2.16.840.1.113762.1.4.1099.54,SpecimenType,20240606,445372002,Cerebrospinal fluid specimen from ventricle of brain (specimen)
2.16.840.1.113762.1.4.1099.54,SpecimenType,20240606,445383006,Urine specimen obtained for Stamey test (specimen)
2.16.840.1.113762.1.4.1099.54,SpecimenType,20240606,445384000,Hemodialysate specimen from hemodialysis machine using reverse osmosis system (specimen)
2.16.840.1.113762.1.4.1099.54,SpecimenType,20240606,445405002,Specimen obtained by surgical procedure (specimen)
2.16.840.1.113762.1.4.1099.54,SpecimenType,20240606,445421007,Fungal isolate specimen (specimen)
2.16.840.1.113762.1.4.1099.54,SpecimenType,20240606,445444005,Swab of groin (specimen)
2.16.840.1.113762.1.4.1099.54,SpecimenType,20240606,445447003,Specimen from trachea obtained by aspiration (specimen)
2.16.840.1.113762.1.4.1099.54,SpecimenType,20240606,445516007,Dialysis fluid specimen obtained after dialysis (specimen)
2.16.840.1.113762.1.4.1099.54,SpecimenType,20240606,445529007,Hemodialysate specimen from hemodialysis machine using water distribution system (specimen)
2.16.840.1.113762.1.4.1099.54,SpecimenType,20240606,445742005,Postcoital urine specimen (specimen)
2.16.840.1.113762.1.4.1099.54,SpecimenType,20240606,445743000,Postejaculation urine specimen (specimen)
2.16.840.1.113762.1.4.1099.54,SpecimenType,20240606,445744006,Fluid specimen from seroma (specimen)
2.16.840.1.113762.1.4.1099.54,SpecimenType,20240606,445745007,Fluid specimen from subphrenic space (specimen)
2.16.840.1.113762.1.4.1099.54,SpecimenType,20240606,446128003,Fluid specimen from Bartholin gland cyst (specimen)
2.16.840.1.113762.1.4.1099.54,SpecimenType,20240606,446129006,Bile specimen from common bile duct (specimen)
2.16.840.1.113762.1.4.1099.54,SpecimenType,20240606,446130001,Urine specimen from bladder (specimen)
2.16.840.1.113762.1.4.1099.54,SpecimenType,20240606,446131002,Blood specimen obtained for blood culture (specimen)
2.16.840.1.113762.1.4.1099.54,SpecimenType,20240606,446137003,Pharmaceutical product submitted as specimen (specimen)
2.16.840.1.113762.1.4.1099.54,SpecimenType,20240606,446211008,Drainage fluid specimen obtained after surgical placement of drain (specimen)
2.16.840.1.113762.1.4.1099.54,SpecimenType,20240606,446212001,Biological spore test strip submitted as specimen (specimen)
2.16.840.1.113762.1.4.1099.54,SpecimenType,20240606,446235003,Specimen from conjunctiva obtained by lavage (specimen)
2.16.840.1.113762.1.4.1099.54,SpecimenType,20240606,446272009,Blood specimen submitted in heparinized collection tube (specimen)
2.16.840.1.113762.1.4.1099.54,SpecimenType,20240606,446277003,Urine specimen obtained from nephrostomy tube after percutaneous insertion (specimen)
2.16.840.1.113762.1.4.1099.54,SpecimenType,20240606,446299006,Specimen obtained by transbronchial aspiration (specimen)
2.16.840.1.113762.1.4.1099.54,SpecimenType,20240606,446300003,Urine specimen from urethra (specimen)
2.16.840.1.113762.1.4.1099.54,SpecimenType,20240606,446302006,Air sample (specimen)
2.16.840.1.113762.1.4.1099.54,SpecimenType,20240606,446304007,Tissue specimen from harvested bone (specimen)
2.16.840.1.113762.1.4.1099.54,SpecimenType,20240606,446305008,Specimen obtained by aspiration via tracheostomy (specimen)
2.16.840.1.113762.1.4.1099.54,SpecimenType,20240606,446306009,Urine specimen obtained from urinary collection bag (specimen)
2.16.840.1.113762.1.4.1099.54,SpecimenType,20240606,446364005,Specimen from donor corneal storage medium (specimen)
2.16.840.1.113762.1.4.1099.54,SpecimenType,20240606,446561003,Body fluid specimen obtained via cholecytosomy tube (specimen)
2.16.840.1.113762.1.4.1099.54,SpecimenType,20240606,446562005,Body fluid specimen obtained via sump drain (specimen)
2.16.840.1.113762.1.4.1099.54,SpecimenType,20240606,446577002,Swab obtained during autopsy (specimen)
2.16.840.1.113762.1.4.1099.54,SpecimenType,20240606,446674003,Specimen from abscess of liver (specimen)
2.16.840.1.113762.1.4.1099.54,SpecimenType,20240606,446675002,Specimen from knee joint obtained by aspiration (specimen)
2.16.840.1.113762.1.4.1099.54,SpecimenType,20240606,446676001,Expressed breast milk specimen (specimen)
2.16.840.1.113762.1.4.1099.54,SpecimenType,20240606,446700001,Prostatic fluid specimen obtained for Stamey test (specimen)
2.16.840.1.113762.1.4.1099.54,SpecimenType,20240606,446774006,Specimen from abscess of brain (specimen)
2.16.840.1.113762.1.4.1099.54,SpecimenType,20240606,446817004,Bile specimen from gall bladder (specimen)
2.16.840.1.113762.1.4.1099.54,SpecimenType,20240606,446837000,Tissue specimen from amniotic membrane (specimen)
2.16.840.1.113762.1.4.1099.54,SpecimenType,20240606,446838005,Specimen obtained by bronchial trap (specimen)
2.16.840.1.113762.1.4.1099.54,SpecimenType,20240606,446842008,Tissue specimen from cervical lymph node (specimen)
2.16.840.1.113762.1.4.1099.54,SpecimenType,20240606,446846006,Urine specimen obtained via indwelling urinary catheter (specimen)
2.16.840.1.113762.1.4.1099.54,SpecimenType,20240606,446861007,Cerebrospinal fluid specimen obtained via ventriculoperitoneal shunt (specimen)
2.16.840.1.113762.1.4.1099.54,SpecimenType,20240606,446906004,Jejunal fluid specimen from jejunostomy (specimen)
2.16.840.1.113762.1.4.1099.54,SpecimenType,20240606,446907008,Urine specimen obtained from kidney (specimen)
2.16.840.1.113762.1.4.1099.54,SpecimenType,20240606,446908003,Fluid specimen from mucocele of lacrimal sac (specimen)
2.16.840.1.113762.1.4.1099.54,SpecimenType,20240606,446951004,Specimen from granulation tissue (specimen)
2.16.840.1.113762.1.4.1099.54,SpecimenType,20240606,446952006,Specimen from skin obtained by scraping (specimen)
2.16.840.1.113762.1.4.1099.54,SpecimenType,20240606,446972001,Specimen from abscess obtained by aspiration (specimen)
2.16.840.1.113762.1.4.1099.54,SpecimenType,20240606,447098004,Specimen from nail obtained by scraping (specimen)
2.16.840.1.113762.1.4.1099.54,SpecimenType,20240606,447103002,Foreign body submitted as specimen (specimen)
2.16.840.1.113762.1.4.1099.54,SpecimenType,20240606,447104008,Urine specimen from urinary conduit (specimen)
2.16.840.1.113762.1.4.1099.54,SpecimenType,20240606,447148003,Body substance specimen from ear (specimen)
2.16.840.1.113762.1.4.1099.54,SpecimenType,20240606,447154002,Specimen from nose (specimen)
2.16.840.1.113762.1.4.1099.54,SpecimenType,20240606,447155001,Tissue specimen from uterus obtained by curettage (specimen)
2.16.840.1.113762.1.4.1099.54,SpecimenType,20240606,447158004,Bile specimen obtained by percutaneous transhepatic insertion of biliary drain (specimen)
2.16.840.1.113762.1.4.1099.54,SpecimenType,20240606,447337004,Specimen from conjunctiva obtained by scraping (specimen)
2.16.840.1.113762.1.4.1099.54,SpecimenType,20240606,447339001,Nasal smear specimen (specimen)
2.16.840.1.113762.1.4.1099.54,SpecimenType,20240606,447341000,Bile specimen obtained via biliary T-tube (specimen)
2.16.840.1.113762.1.4.1099.54,SpecimenType,20240606,447345009,Bronchial fluid specimen obtained from bronchial trap (specimen)
2.16.840.1.113762.1.4.1099.54,SpecimenType,20240606,447355008,Dialysis fluid specimen obtained after continuous ambulatory peritoneal dialysis (specimen)
2.16.840.1.113762.1.4.1099.54,SpecimenType,20240606,447357000,Specimen from breast obtained by aspiration (specimen)
2.16.840.1.113762.1.4.1099.54,SpecimenType,20240606,447358005,Specimen from endometrium obtained by aspiration (specimen)
2.16.840.1.113762.1.4.1099.54,SpecimenType,20240606,447359002,Specimen from esophagus obtained by aspiration (specimen)
2.16.840.1.113762.1.4.1099.54,SpecimenType,20240606,447375004,Body fluid specimen obtained via chest tube (specimen)
2.16.840.1.113762.1.4.1099.54,SpecimenType,20240606,447391001,Specimen from pharynx obtained by aspiration (specimen)
2.16.840.1.113762.1.4.1099.54,SpecimenType,20240606,447392008,Specimen from vagina obtained by aspiration (specimen)
2.16.840.1.113762.1.4.1099.54,SpecimenType,20240606,447403008,Tissue specimen from donor corneal rim (specimen)
2.16.840.1.113762.1.4.1099.54,SpecimenType,20240606,447407009,Specimen from necrotic tissue (specimen)
2.16.840.1.113762.1.4.1099.54,SpecimenType,20240606,447488002,Suprapubic urine specimen (specimen)
2.16.840.1.113762.1.4.1099.54,SpecimenType,20240606,447589008,Urine specimen obtained by single catheterization of bladder (specimen)
2.16.840.1.113762.1.4.1099.54,SpecimenType,20240606,447881000,Specimen from biliary system (specimen)
2.16.840.1.113762.1.4.1099.54,SpecimenType,20240606,447955000,Specimen from rectum (specimen)
2.16.840.1.113762.1.4.1099.54,SpecimenType,20240606,448789008,Nucleic acid specimen (specimen)
2.16.840.1.113762.1.4.1099.54,SpecimenType,20240606,449446003,Specimen from gallbladder (specimen)
2.16.840.1.113762.1.4.1099.54,SpecimenType,20240606,450872001,Specimen from urinary bladder (specimen)
2.16.840.1.113762.1.4.1099.54,SpecimenType,20240606,472861000,Testicular swab
2.16.840.1.113762.1.4.1099.54,SpecimenType,20240606,472862007,Swab from lesion of skin
2.16.840.1.113762.1.4.1099.54,SpecimenType,20240606,472863002,Swab from lower leg (specimen)
2.16.840.1.113762.1.4.1099.54,SpecimenType,20240606,472864008,Swab from lower limb
2.16.840.1.113762.1.4.1099.54,SpecimenType,20240606,472865009,Swab from toe
2.16.840.1.113762.1.4.1099.54,SpecimenType,20240606,472866005,Swab from tongue
2.16.840.1.113762.1.4.1099.54,SpecimenType,20240606,472867001,Swab from tonsil (specimen)
2.16.840.1.113762.1.4.1099.54,SpecimenType,20240606,472868006,Swab from peritoneal cavity structure (specimen)
2.16.840.1.113762.1.4.1099.54,SpecimenType,20240606,472869003,Swab from pericardial sac structure
2.16.840.1.113762.1.4.1099.54,SpecimenType,20240606,472870002,Swab from tracheostomy wound (specimen)
2.16.840.1.113762.1.4.1099.54,SpecimenType,20240606,472871003,Swab from ulcer (specimen)
2.16.840.1.113762.1.4.1099.54,SpecimenType,20240606,472872005,Swab from ultrasonic nebulizer
2.16.840.1.113762.1.4.1099.54,SpecimenType,20240606,472873000,Swab from urethral meatus (specimen)
2.16.840.1.113762.1.4.1099.54,SpecimenType,20240606,472874006,Swab from uterus
2.16.840.1.113762.1.4.1099.54,SpecimenType,20240606,472875007,Swab from vesicle (specimen)
2.16.840.1.113762.1.4.1099.54,SpecimenType,20240606,472876008,Swab from Bartholin cyst (specimen)
2.16.840.1.113762.1.4.1099.54,SpecimenType,20240606,472877004,Swab from esophagus (specimen)
2.16.840.1.113762.1.4.1099.54,SpecimenType,20240606,472878009,Swab from Bartholin gland
2.16.840.1.113762.1.4.1099.54,SpecimenType,20240606,472879001,Swab from placenta
2.16.840.1.113762.1.4.1099.54,SpecimenType,20240606,472880003,Swab from catheter
2.16.840.1.113762.1.4.1099.54,SpecimenType,20240606,472881004,Swab from pharynx
2.16.840.1.113762.1.4.1099.54,SpecimenType,20240606,472882006,Swab from superficial wound (specimen)
2.16.840.1.113762.1.4.1099.54,SpecimenType,20240606,472883001,Swab from surgical wound (specimen)
2.16.840.1.113762.1.4.1099.54,SpecimenType,20240606,472884007,Swab from deep wound
2.16.840.1.113762.1.4.1099.54,SpecimenType,20240606,472885008,Swab from decubitus ulcer
2.16.840.1.113762.1.4.1099.54,SpecimenType,20240606,472886009,Swab from gastrostomy stoma (specimen)
2.16.840.1.113762.1.4.1099.54,SpecimenType,20240606,472887000,Swab from labia (specimen)
2.16.840.1.113762.1.4.1099.54,SpecimenType,20240606,472888005,Laryngeal swab
2.16.840.1.113762.1.4.1099.54,SpecimenType,20240606,472889002,Swab from pelvis
2.16.840.1.113762.1.4.1099.54,SpecimenType,20240606,472890006,Swab from appendix (specimen)
2.16.840.1.113762.1.4.1099.54,SpecimenType,20240606,472891005,Swab from lip (specimen)
2.16.840.1.113762.1.4.1099.54,SpecimenType,20240606,472892003,Swab from digit of hand
2.16.840.1.113762.1.4.1099.54,SpecimenType,20240606,472893008,Swab from abscess of brain
2.16.840.1.113762.1.4.1099.54,SpecimenType,20240606,472894002,Swab from cornea (specimen)
2.16.840.1.113762.1.4.1099.54,SpecimenType,20240606,472895001,Swab from buttock (specimen)
2.16.840.1.113762.1.4.1099.54,SpecimenType,20240606,472896000,Swab from blister (specimen)
2.16.840.1.113762.1.4.1099.54,SpecimenType,20240606,472897009,Swab from hip region (specimen)
2.16.840.1.113762.1.4.1099.54,SpecimenType,20240606,472898004,Swab from hand (specimen)
2.16.840.1.113762.1.4.1099.54,SpecimenType,20240606,472899007,Swab from vaginal introitus
2.16.840.1.113762.1.4.1099.54,SpecimenType,20240606,472900002,Gingival swab
2.16.840.1.113762.1.4.1099.54,SpecimenType,20240606,472901003,Swab from nasal sinus
2.16.840.1.113762.1.4.1099.54,SpecimenType,20240606,472902005,Swab from chest tube insertion site (specimen)
2.16.840.1.113762.1.4.1099.54,SpecimenType,20240606,472903000,Swab from central venous catheter
2.16.840.1.113762.1.4.1099.54,SpecimenType,20240606,472904006,Abdominal swab
2.16.840.1.113762.1.4.1099.54,SpecimenType,20240606,472919007,Device submitted as specimen (specimen)
2.16.840.1.113762.1.4.1099.54,SpecimenType,20240606,472920001,Umbilical catheter submitted as specimen
2.16.840.1.113762.1.4.1099.54,SpecimenType,20240606,472921002,Umbilical catheter tip submitted as specimen (specimen)
2.16.840.1.113762.1.4.1099.54,SpecimenType,20240606,472922009,Intracranial catheter submitted as specimen
2.16.840.1.113762.1.4.1099.54,SpecimenType,20240606,472923004,Peripheral vascular catheter tip submitted as specimen
2.16.840.1.113762.1.4.1099.54,SpecimenType,20240606,472924005,Pulmonary artery flotation catheter tip submitted as specimen (specimen)
2.16.840.1.113762.1.4.1099.54,SpecimenType,20240606,472925006,Umbilical vein catheter tip submitted as specimen
2.16.840.1.113762.1.4.1099.54,SpecimenType,20240606,472926007,Chest drain tip submitted as specimen
2.16.840.1.113762.1.4.1099.54,SpecimenType,20240606,472927003,Contact lens case submitted as specimen
2.16.840.1.113762.1.4.1099.54,SpecimenType,20240606,472928008,Umbilical artery catheter tip submitted as specimen (specimen)
2.16.840.1.113762.1.4.1099.54,SpecimenType,20240606,472929000,Central venous catheter tip submitted as specimen
2.16.840.1.113762.1.4.1099.54,SpecimenType,20240606,472930005,Bottle submitted as specimen
2.16.840.1.113762.1.4.1099.54,SpecimenType,20240606,472931009,Arterial line tip submitted as specimen (specimen)
2.16.840.1.113762.1.4.1099.54,SpecimenType,20240606,472932002,Vascular catheter submitted as specimen (specimen)
2.16.840.1.113762.1.4.1099.54,SpecimenType,20240606,472933007,Shunt tip submitted as specimen (specimen)
2.16.840.1.113762.1.4.1099.54,SpecimenType,20240606,472934001,Stent submitted as specimen
2.16.840.1.113762.1.4.1099.54,SpecimenType,20240606,472935000,Central venous catheter tip from subclavian vein submitted as specimen (specimen)
2.16.840.1.113762.1.4.1099.54,SpecimenType,20240606,472936004,Tenckhoff catheter tip submitted as specimen (specimen)
2.16.840.1.113762.1.4.1099.54,SpecimenType,20240606,472937008,Double J stent submitted as specimen (specimen)
2.16.840.1.113762.1.4.1099.54,SpecimenType,20240606,472938003,Tracheal tube submitted as specimen (specimen)
2.16.840.1.113762.1.4.1099.54,SpecimenType,20240606,472939006,Tracheostomy tube submitted as specimen
2.16.840.1.113762.1.4.1099.54,SpecimenType,20240606,472940008,Intracranial ventricular catheter submitted as specimen
2.16.840.1.113762.1.4.1099.54,SpecimenType,20240606,472941007,Intracranial ventricular catheter tip submitted as specimen (specimen)
2.16.840.1.113762.1.4.1099.54,SpecimenType,20240606,472942000,Ventriculoperitoneal shunt submitted as specimen
2.16.840.1.113762.1.4.1099.54,SpecimenType,20240606,472943005,Heyer-Pudenz valve submitted as specimen
2.16.840.1.113762.1.4.1099.54,SpecimenType,20240606,472944004,Peritoneal catheter submitted as specimen (specimen)
2.16.840.1.113762.1.4.1099.54,SpecimenType,20240606,473399006,Swab from Tenckhoff catheter exit site (specimen)
2.16.840.1.113762.1.4.1099.54,SpecimenType,20240606,473400004,Swab from tooth
2.16.840.1.113762.1.4.1099.54,SpecimenType,20240606,473401000,Cotton wool ball submitted as specimen
2.16.840.1.113762.1.4.1099.54,SpecimenType,20240606,473403002,Percutaneous nephrostomy catheter tip submitted as specimen
2.16.840.1.113762.1.4.1099.54,SpecimenType,20240606,473404008,Rickham reservoir submitted as specimen (specimen)
2.16.840.1.113762.1.4.1099.54,SpecimenType,20240606,473405009,Cerebrospinal fluid specimen obtained from Rickham reservoir
2.16.840.1.113762.1.4.1099.54,SpecimenType,20240606,473406005,Shunt submitted as specimen
2.16.840.1.113762.1.4.1099.54,SpecimenType,20240606,473407001,Peripherally inserted central catheter submitted as specimen
2.16.840.1.113762.1.4.1099.54,SpecimenType,20240606,473408006,Umbilical artery catheter submitted as specimen
2.16.840.1.113762.1.4.1099.54,SpecimenType,20240606,473409003,Central venous catheter submitted as specimen (specimen)
2.16.840.1.113762.1.4.1099.54,SpecimenType,20240606,473410008,Peripheral vascular catheter submitted as specimen
2.16.840.1.113762.1.4.1099.54,SpecimenType,20240606,473411007,External ventricular drain tip submitted as specimen (specimen)
2.16.840.1.113762.1.4.1099.54,SpecimenType,20240606,473412000,Endotracheal tube submitted as specimen
2.16.840.1.113762.1.4.1099.54,SpecimenType,20240606,473413005,Central venous catheter from internal jugular vein submitted as specimen
2.16.840.1.113762.1.4.1099.54,SpecimenType,20240606,473414004,Intracranial pressure catheter submitted as specimen
2.16.840.1.113762.1.4.1099.54,SpecimenType,20240606,473415003,Intrauterine contraceptive device submitted as specimen
2.16.840.1.113762.1.4.1099.54,SpecimenType,20240606,473416002,Nephrostomy tube submitted as specimen
2.16.840.1.113762.1.4.1099.54,SpecimenType,20240606,473417006,Cardiac pacemaker lead submitted as specimen
2.16.840.1.113762.1.4.1099.54,SpecimenType,20240606,473432004,Settle plate submitted as specimen
2.16.840.1.113762.1.4.1099.54,SpecimenType,20240606,473433009,Protected specimen brush submitted as specimen (specimen)
2.16.840.1.113762.1.4.1099.54,SpecimenType,20240606,608840004,Specimen from lower gastrointestinal tract
2.16.840.1.113762.1.4.1099.54,SpecimenType,20240606,608842007,Specimen from upper gastrointestinal tract
2.16.840.1.113762.1.4.1099.54,SpecimenType,20240606,608852006,Specimen from nervous system (specimen)
2.16.840.1.113762.1.4.1099.54,SpecimenType,20240606,608856009,Specimen from perirenal tissue (specimen)
2.16.840.1.113762.1.4.1099.54,SpecimenType,20240606,608858005,Specimen from periureteral tissue (specimen)
2.16.840.1.113762.1.4.1099.54,SpecimenType,20240606,608860007,Specimen from perivesical tissue
2.16.840.1.113762.1.4.1099.54,SpecimenType,20240606,608868000,Specimen from endocrine gland
2.16.840.1.113762.1.4.1099.54,SpecimenType,20240606,608870009,Specimen from female genital tract
2.16.840.1.113762.1.4.1099.54,SpecimenType,20240606,608969007,Specimen from skin (specimen)
2.16.840.1.113762.1.4.1099.54,SpecimenType,20240606,697988001,Soft stool specimen (specimen)
2.16.840.1.113762.1.4.1099.54,SpecimenType,20240606,697989009,Anterior nares swab
2.16.840.1.113762.1.4.1099.54,SpecimenType,20240606,698276005,First void urine sample
2.16.840.1.113762.1.4.1099.54,SpecimenType,20240606,699283007,Mid-stream urine specimen obtained by single catheterization of bladder (specimen)
2.16.840.1.113762.1.4.1099.54,SpecimenType,20240606,699284001,Early morning mid-stream urine specimen obtained by clean catch procedure (specimen)
2.16.840.1.113762.1.4.1099.54,SpecimenType,20240606,699285000,Urine specimen obtained from bladder via cystoscopy
2.16.840.1.113762.1.4.1099.54,SpecimenType,20240606,699286004,Urine specimen obtained from kidney via aspiration
2.16.840.1.113762.1.4.1099.54,SpecimenType,20240606,699287008,Urine specimen obtained via suprapubic indwelling urinary catheter
2.16.840.1.113762.1.4.1099.54,SpecimenType,20240606,699868006,Suture material submitted as specimen (specimen)
2.16.840.1.113762.1.4.1099.54,SpecimenType,20240606,699874006,Tissue specimen from pericardium
2.16.840.1.113762.1.4.1099.54,SpecimenType,20240606,702701006,Specimen from cervix or vagina
2.16.840.1.113762.1.4.1099.54,SpecimenType,20240606,703430008,Arterial cord blood specimen
2.16.840.1.113762.1.4.1099.54,SpecimenType,20240606,703431007,Venous cord blood specimen
2.16.840.1.113762.1.4.1099.54,SpecimenType,20240606,703432000,Venous plasma specimen
2.16.840.1.113762.1.4.1099.54,SpecimenType,20240606,703475006,Tissue specimen from nodule (specimen)
2.16.840.1.113762.1.4.1099.54,SpecimenType,20240606,703691002,Spun CSF
2.16.840.1.113762.1.4.1099.54,SpecimenType,20240606,704663000,Worm
2.16.840.1.113762.1.4.1099.54,SpecimenType,20240606,705054005,Muscle specimen
2.16.840.1.113762.1.4.1099.54,SpecimenType,20240606,708048008,Plasma specimen with citrate
2.16.840.1.113762.1.4.1099.54,SpecimenType,20240606,708049000,Plasma specimen with EDTA (ethylenediaminetetraacetic acid)
2.16.840.1.113762.1.4.1099.54,SpecimenType,20240606,708110000,Treated water specimen
2.16.840.1.113762.1.4.1099.54,SpecimenType,20240606,708111001,Untreated water specimen (specimen)
2.16.840.1.113762.1.4.1099.54,SpecimenType,20240606,708112008,Retrouterine pouch fluid aspirate (specimen)
2.16.840.1.113762.1.4.1099.54,SpecimenType,20240606,708285007,Tissue impression smear sample
2.16.840.1.113762.1.4.1099.54,SpecimenType,20240606,708317005,Pooled specimen from vaginal introitus and rectal swab (specimen)
2.16.840.1.113762.1.4.1099.54,SpecimenType,20240606,709024005,Paint chip sample (specimen)
2.16.840.1.113762.1.4.1099.54,SpecimenType,20240606,710069003,Tick specimen (specimen)
2.16.840.1.113762.1.4.1099.54,SpecimenType,20240606,712559006,Seventy minutes specimen (specimen)
2.16.840.1.113762.1.4.1099.54,SpecimenType,20240606,712560001,Two hours specimen
2.16.840.1.113762.1.4.1099.54,SpecimenType,20240606,712562009,Twenty four hours specimen (specimen)
2.16.840.1.113762.1.4.1099.54,SpecimenType,20240606,718684005,Endocervical brush specimen (specimen)
2.16.840.1.113762.1.4.1099.54,SpecimenType,20240606,725372003,Tissue specimen from aorta (specimen)
2.16.840.1.113762.1.4.1099.54,SpecimenType,20240606,725946000,Reticulocyte specimen (specimen)
2.16.840.1.113762.1.4.1099.54,SpecimenType,20240606,725957005,Formalin-fixed placenta tissue specimen (specimen)
2.16.840.1.113762.1.4.1099.54,SpecimenType,20240606,732211001,Twelve hour urine specimen (specimen)
2.16.840.1.113762.1.4.1099.54,SpecimenType,20240606,732217002,Eight hour urine specimen (specimen)
2.16.840.1.113762.1.4.1099.54,SpecimenType,20240606,732220005,Forty eight hour urine specimen (specimen)
2.16.840.1.113762.1.4.1099.54,SpecimenType,20240606,732222002,Seventy two hour urine specimen (specimen)
2.16.840.1.113762.1.4.1099.54,SpecimenType,20240606,732226004,Forty eight hour stool specimen (specimen)
2.16.840.1.113762.1.4.1099.54,SpecimenType,20240606,732227008,Twenty four hour stool specimen (specimen)
2.16.840.1.113762.1.4.1099.54,SpecimenType,20240606,732293002,Salivary calculus specimen (specimen)
2.16.840.1.113762.1.4.1099.54,SpecimenType,20240606,732295009,Discharge specimen from penis (specimen)
2.16.840.1.113762.1.4.1099.54,SpecimenType,20240606,732964006,Gastric tube submitted as specimen
2.16.840.1.113762.1.4.1099.54,SpecimenType,20240606,732972008,Fluid specimen from cyst of ovary (specimen)
2.16.840.1.113762.1.4.1099.54,SpecimenType,20240606,732975005,Fluid specimen from epididymis (specimen)
2.16.840.1.113762.1.4.1099.54,SpecimenType,20240606,732976006,Fluid specimen from external auditory canal (specimen)
2.16.840.1.113762.1.4.1099.54,SpecimenType,20240606,733056005,Fluid specimen from ear (specimen)
2.16.840.1.113762.1.4.1099.54,SpecimenType,20240606,733101007,Fluid specimen from perirenal region (specimen)
2.16.840.1.113762.1.4.1099.54,SpecimenType,20240606,733103005,Tissue specimen from scar
2.16.840.1.113762.1.4.1099.54,SpecimenType,20240606,733104004,Buccal swab
2.16.840.1.113762.1.4.1099.54,SpecimenType,20240606,733105003,Cytologic material from lymph node of neck obtained by fine needle aspiration
2.16.840.1.113762.1.4.1099.54,SpecimenType,20240606,733475007,Cytologic material from mass of neck obtained by fine needle aspiration (specimen)
2.16.840.1.113762.1.4.1099.54,SpecimenType,20240606,733476008,Cytologic material from neck obtained by fine needle aspiration (specimen)
2.16.840.1.113762.1.4.1099.54,SpecimenType,20240606,733482006,Second void urine specimen
2.16.840.1.113762.1.4.1099.54,SpecimenType,20240606,733484007,Specimen from lesion of penis obtained by scraping
2.16.840.1.113762.1.4.1099.54,SpecimenType,20240606,733485008,Specimen from lesion of perianal region obtained by scraping (specimen)
2.16.840.1.113762.1.4.1099.54,SpecimenType,20240606,734307008,Specimen from jejunostomy stoma (specimen)
2.16.840.1.113762.1.4.1099.54,SpecimenType,20240606,734333000,Specimen from epidermoid cyst (specimen)
2.16.840.1.113762.1.4.1099.54,SpecimenType,20240606,734334006,Specimen from sebaceous cyst (specimen)
2.16.840.1.113762.1.4.1099.54,SpecimenType,20240606,734335007,Specimen from scar (specimen)
2.16.840.1.113762.1.4.1099.54,SpecimenType,20240606,734336008,Specimen from aorta (specimen)
2.16.840.1.113762.1.4.1099.54,SpecimenType,20240606,734337004,Specimen from mass of nasopharynx (specimen)
2.16.840.1.113762.1.4.1099.54,SpecimenType,20240606,734338009,Arthropod material submitted as specimen (specimen)
2.16.840.1.113762.1.4.1099.54,SpecimenType,20240606,734341000,Specimen from mass of posterior mediastinum (specimen)
2.16.840.1.113762.1.4.1099.54,SpecimenType,20240606,734342007,Specimen from mass of anterior mediastinum (specimen)
2.16.840.1.113762.1.4.1099.54,SpecimenType,20240606,734343002,Specimen from mass of breast (specimen)
2.16.840.1.113762.1.4.1099.54,SpecimenType,20240606,734375004,Specimen from mass of retroperitoneum (specimen)
2.16.840.1.113762.1.4.1099.54,SpecimenType,20240606,734377007,Specimen from mass of subcutaneous tissue (specimen)
2.16.840.1.113762.1.4.1099.54,SpecimenType,20240606,734379005,Specimen from periodontal tissue (specimen)
2.16.840.1.113762.1.4.1099.54,SpecimenType,20240606,734380008,Specimen from surgical wound (specimen)
2.16.840.1.113762.1.4.1099.54,SpecimenType,20240606,734381007,Specimen from superficial wound (specimen)
2.16.840.1.113762.1.4.1099.54,SpecimenType,20240606,734417004,Specimen from mass of thoracic cavity (specimen)
2.16.840.1.113762.1.4.1099.54,SpecimenType,20240606,734419001,Specimen from mass of axillary lymph node (specimen)
2.16.840.1.113762.1.4.1099.54,SpecimenType,20240606,734420007,Specimen from mass of inguinal lymph node (specimen)
2.16.840.1.113762.1.4.1099.54,SpecimenType,20240606,734421006,Specimen from mass of mediastinal lymph node (specimen)
2.16.840.1.113762.1.4.1099.54,SpecimenType,20240606,734422004,Specimen from duodenal mucosa (specimen)
2.16.840.1.113762.1.4.1099.54,SpecimenType,20240606,734425002,Specimen from ear obtained by aspiration (specimen)
2.16.840.1.113762.1.4.1099.54,SpecimenType,20240606,734426001,Specimen from jejunum obtained by aspiration (specimen)
2.16.840.1.113762.1.4.1099.54,SpecimenType,20240606,734427005,Specimen from duodenum obtained by aspiration (specimen)
2.16.840.1.113762.1.4.1099.54,SpecimenType,20240606,734442008,Specimen from calf of leg (specimen)
2.16.840.1.113762.1.4.1099.54,SpecimenType,20240606,734443003,Urine specimen from ureter obtained by cystoscopy (specimen)
2.16.840.1.113762.1.4.1099.54,SpecimenType,20240606,735197003,Specimen from right breast (specimen)
2.16.840.1.113762.1.4.1099.54,SpecimenType,20240606,735198008,Specimen from left breast (specimen)
2.16.840.1.113762.1.4.1099.54,SpecimenType,20240606,735950000,Swab of vascular catheter insertion site (specimen)
2.16.840.1.113762.1.4.1099.54,SpecimenType,20240606,737016007,Tissue sample from aneurysm obtained by surgical resection
2.16.840.1.113762.1.4.1099.54,SpecimenType,20240606,737017003,Joint loose body specimen (specimen)
2.16.840.1.113762.1.4.1099.54,SpecimenType,20240606,737087006,Specimen from control
2.16.840.1.113762.1.4.1099.54,SpecimenType,20240606,737089009,Serum specimen from control
2.16.840.1.113762.1.4.1099.54,SpecimenType,20240606,737356002,Pooled platelet poor plasma specimen
2.16.840.1.113762.1.4.1099.54,SpecimenType,20240606,737357006,Foetal blood specimen
2.16.840.1.113762.1.4.1099.54,SpecimenType,20240606,765469005,Hysterectomy and left salpingo-oophorectomy sample
2.16.840.1.113762.1.4.1099.54,SpecimenType,20240606,765470006,Excised uterus and right fallopian tube and ovary sample
2.16.840.1.113762.1.4.1099.54,SpecimenType,20240606,773611006,Haemodialysis catheter submitted as specimen
2.16.840.1.113762.1.4.1099.54,SpecimenType,20240606,773630006,Urinary catheter submitted as specimen
2.16.840.1.113762.1.4.1099.54,SpecimenType,20240606,787149001,Unstained slide of tissue section (specimen)
2.16.840.1.113762.1.4.1099.54,SpecimenType,20240606,787150001,Stained slide of tissue section
2.16.840.1.113762.1.4.1099.54,SpecimenType,20240606,787151002,Specimen in tissue fixative
2.16.840.1.113762.1.4.1099.54,SpecimenType,20240606,787152009,Specimen in non-fixative preservation fluid (specimen)
2.16.840.1.113762.1.4.1099.54,SpecimenType,20240606,788524009,Tissue specimen obtained by segmental excision (specimen)
2.16.840.1.113762.1.4.1099.54,SpecimenType,20240606,788707000,Plasma specimen or serum specimen or whole blood specimen (specimen)
2.16.840.1.113762.1.4.1099.54,SpecimenType,20240606,840395001,Fluid specimen from otic region
2.16.840.1.113762.1.4.1099.54,SpecimenType,20240606,866032008,Blood specimen in anaerobic blood culture bottle
2.16.840.1.113762.1.4.1099.54,SpecimenType,20240606,866033003,Blood specimen in aerobic blood culture bottle
2.16.840.1.113762.1.4.1099.54,SpecimenType,20240606,866034009,Acute phase serum specimen (specimen)
2.16.840.1.113762.1.4.1099.54,SpecimenType,20240606,866035005,Convalescent phase serum specimen (specimen)
2.16.840.1.113762.1.4.1099.54,SpecimenType,20240606,878861003,Blood specimen in blood culture bottle (specimen)
2.16.840.1.113762.1.4.1099.54,SpecimenType,20240606,898201001,Specimen from device
2.16.840.1.113762.1.4.1099.54,SpecimenType,20240606,898203003,Vacuum cleaner bag submitted as specimen
2.16.840.1.113762.1.4.1099.54,SpecimenType,20240606,898205005,Dried plasma spot specimen (specimen)
2.16.840.1.113762.1.4.1099.54,SpecimenType,20240606,1003517007,Lyophilized specimen
2.16.840.1.113762.1.4.1099.54,SpecimenType,20240606,1003522007,Burrow swab
2.16.840.1.113762.1.4.1099.54,SpecimenType,20240606,1003705007,Drain tip submitted as specimen (specimen)
2.16.840.1.113762.1.4.1099.54,SpecimenType,20240606,1003706008,Specimen from drain tip (specimen)
2.16.840.1.113762.1.4.1099.54,SpecimenType,20240606,1003707004,Drain device submitted as specimen
2.16.840.1.113762.1.4.1099.54,SpecimenType,20240606,1003708009,Specimen from drain device (specimen)
2.16.840.1.113762.1.4.1099.54,SpecimenType,20240606,1003709001,Tube submitted as specimen (specimen)
2.16.840.1.113762.1.4.1099.54,SpecimenType,20240606,1003710006,Specimen from tube (specimen)
2.16.840.1.113762.1.4.1099.54,SpecimenType,20240606,1003711005,Specimen from prosthetic joint
2.16.840.1.113762.1.4.1099.54,SpecimenType,20240606,1003712003,Prosthetic joint submitted as specimen
2.16.840.1.113762.1.4.1099.54,SpecimenType,20240606,1003713008,Prosthetic heart valve submitted as specimen (specimen)
2.16.840.1.113762.1.4.1099.54,SpecimenType,20240606,1003714002,Specimen from prosthetic heart valve (specimen)
2.16.840.1.113762.1.4.1099.54,SpecimenType,20240606,1149105007,Oropharyngeal rinse
2.16.840.1.113762.1.4.1099.54,SpecimenType,20240606,1163592005,Swab from paraurethral gland
2.16.840.1.113762.1.4.1099.54,SpecimenType,20240606,1172660005,Tissue specimen from extrahepatic bile duct obtained by excision
2.16.840.1.113762.1.4.1099.54,SpecimenType,20240606,1173097006,Specimen from anus and/or rectum
2.16.840.1.113762.1.4.1099.54,SpecimenType,20240606,1173996004,Tissue specimen from polyp obtained by excision (specimen)
2.16.840.1.113762.1.4.1099.54,SpecimenType,20240606,1177151008,Excised mesorectum sample
2.16.840.1.113762.1.4.1099.54,SpecimenType,20240606,1179252003,Slide submitted as specimen
2.16.840.1.113762.1.4.1099.54,SpecimenType,20240606,1201985008,Tissue block specimen (specimen)
2.16.840.1.113762.1.4.1099.54,SpecimenType,20240606,1237234002,Specimen from haemorrhagic ovarian cyst obtained by aspiration
2.16.840.1.113762.1.4.1099.54,SpecimenType,20240606,1259931002,Hair of face specimen (specimen)
2.16.840.1.113762.1.4.1099.54,SpecimenType,20240606,1285640000,Respiratory smear specimen
2.16.840.1.113762.1.4.1099.54,SpecimenType,20240606,1293160008,Swab from middle region of inferior nasal meatus (specimen)
2.16.840.1.113762.1.4.1099.54,SpecimenType,20240606,1331990008,Tissue specimen from left breast
2.16.840.1.113762.1.4.1099.54,SpecimenType,20240606,1331991007,Tissue specimen from right breast (specimen)
2.16.840.1.113762.1.4.1099.54,SpecimenType,20240606,1332490003,Specimen from crust on skin (specimen)
2.16.840.1.113762.1.4.1099.54,SpecimenType,20240606,1335919003,Specimen from head obtained by fine needle aspiration biopsy
2.16.840.1.113762.1.4.1099.54,SpecimenType,20240606,1335920009,Specimen from neck obtained by fine needle aspiration biopsy
2.16.840.1.113762.1.4.1099.54,SpecimenType,20240606,1335921008,Specimen from head obtained by biopsy
2.16.840.1.113762.1.4.1099.54,SpecimenType,20240606,1335922001,Specimen from neck obtained by biopsy (specimen)
2.16.840.1.113762.1.4.1099.54,SpecimenType,20240606,1335924000,Specimen from head (specimen)
2.16.840.1.113762.1.4.1099.54,SpecimenType,20240606,1335925004,Specimen from neck
2.16.840.1.113762.1.4.1099.54,SpecimenType,20240606,1338034005,Tissue specimen from penis obtained by excision (specimen)
2.16.840.1.113762.1.4.1099.54,SpecimenType,20240606,1340203001,Ectoparasite specimen
2.16.840.1.113762.1.4.1099.54,SpecimenType,20240606,1343300000,Swab from fistula (specimen)
2.16.840.1.113762.1.4.1099.54,SpecimenType,20240606,1343301001,Eyelash specimen
2.16.840.1.113762.1.4.1099.54,SpecimenType,20240606,1344978009,Swab from pustule (specimen)
2.16.840.1.113762.1.4.1099.54,SpecimenType,20240606,1345107007,Combined urethral and genital swab
2.16.840.1.113762.1.4.1099.54,SpecimenType,20240606,1345219005,Swab from portio vaginalis cervicis
2.16.840.1.113762.1.4.1099.54,SpecimenType,20240606,1345230008,Tablet submitted as specimen (specimen)
2.16.840.1.113762.1.4.1099.54,SpecimenType,20240606,1345231007,Culture plate submitted as specimen
2.16.840.1.113762.1.4.1099.54,SpecimenType,20240606,1345234004,Thin blood smear specimen
2.16.840.1.113762.1.4.1099.54,SpecimenType,20240606,1345235003,Thick blood smear specimen (specimen)
2.16.840.1.113762.1.4.1099.54,SpecimenType,20240606,1345268005,Dip slide culture slide submitted as specimen (specimen)
2.16.840.1.113762.1.4.1099.54,SpecimenType,20240606,1345269002,Fungal culture plate submitted as specimen (specimen)
2.16.840.1.113762.1.4.1099.54,SpecimenType,20240606,1345270001,Blood culture plate submitted as specimen
2.16.840.1.113762.1.4.1099.54,SpecimenType,20240606,1351813003,Whole blood specimen with hirudin (specimen)
2.16.840.1.113762.1.4.1099.54,SpecimenType,20240606,1351815005,Whole blood specimen with lithium heparin
2.16.840.1.113762.1.4.1099.54,SpecimenType,20240606,1351816006,Whole blood specimen with citrate
2.16.840.1.113762.1.4.1099.54,SpecimenType,20240606,621000009105,Viral isolate specimen
2.16.840.1.113762.1.4.1099.54,SpecimenType,20240606,791000009104,Epithelial tissue specimen from vesicle
2.16.840.1.113762.1.4.1099.54,SpecimenType,20240606,2421000181104,Capillary serum specimen
2.16.840.1.113762.1.4.1099.54,SpecimenType,20240606,2431000181102,Arterial plasma specimen (specimen)
2.16.840.1.113762.1.4.1099.54,SpecimenType,20240606,2441000181109,Capillary plasma specimen (specimen)
2.16.840.1.113762.1.4.1099.54,SpecimenType,20240606,2451000181107,Mixed venous plasma specimen
2.16.840.1.113762.1.4.1099.54,SpecimenType,20240606,2501000181105,Biopsy specimen in tissue fixative (specimen)
2.16.840.1.113762.1.4.1099.54,SpecimenType,20240606,2511000181107,Specimen obtained by exfoliation (specimen)
2.16.840.1.113762.1.4.1099.54,SpecimenType,20240606,2521000181103,Specimen from root canal (specimen)
2.16.840.1.113762.1.4.1099.54,SpecimenType,20240606,2531000181101,Urine specimen obtained after prostatic massage (specimen)
2.16.840.1.113762.1.4.1099.54,SpecimenType,20240606,2541000181108,Leukopheresis product specimen (specimen)
2.16.840.1.113762.1.4.1099.54,SpecimenType,20240606,28971000087101,Swab from bite wound
2.16.840.1.113762.1.4.1099.54,SpecimenType,20240606,28981000087104,Epidural catheter tip submitted as specimen (specimen)
2.16.840.1.113762.1.4.1099.54,SpecimenType,20240606,28991000087102,Swab from epiglottis
2.16.840.1.113762.1.4.1099.54,SpecimenType,20240606,29001000087102,External stoma wound swab
2.16.840.1.113762.1.4.1099.54,SpecimenType,20240606,29011000087100,Specimen from abscess of lung (specimen)
2.16.840.1.113762.1.4.1099.54,SpecimenType,20240606,29021000087108,Specimen from tooth abscess
2.16.840.1.113762.1.4.1099.54,SpecimenType,20240606,29031000087105,Specimen from graft (specimen)
2.16.840.1.113762.1.4.1099.54,SpecimenType,20240606,29041000087104,Specimen from pelvic abscess
2.16.840.1.113762.1.4.1099.54,SpecimenType,20240606,30941000087105,Swab from eyelid (specimen)
2.16.840.1.113762.1.4.1099.54,SpecimenType,20240606,30961000087106,Urine specimen from ileal conduit
2.16.840.1.113762.1.4.1099.54,SpecimenType,20240606,32641000087102,Specimen from abscess of ovary
2.16.840.1.113762.1.4.1099.54,SpecimenType,20240606,32651000087104,Specimen obtained by transthoracic needle biopsy
2.16.840.1.113762.1.4.1099.54,SpecimenType,20240606,33331000087108,Specimen from abscess of vulva (specimen)
2.16.840.1.113762.1.4.1099.54,SpecimenType,20240606,33351000087104,Specimen of urine from ureterostomy
2.16.840.1.113762.1.4.1099.54,SpecimenType,20240606,33481000087100,Cardiac pacemaker component submitted as specimen
2.16.840.1.113762.1.4.1099.54,SpecimenType,20240606,33491000087103,Cardiac pacemaker submitted as specimen (specimen)
2.16.840.1.113762.1.4.1099.54,SpecimenType,20240606,33501000087106,Donor-organ preservation solution specimen
2.16.840.1.113762.1.4.1099.54,SpecimenType,20240606,33511000087108,Fluid specimen from abdominopelvic cavity
2.16.840.1.113762.1.4.1099.54,SpecimenType,20240606,33521000087100,Specimen from abscess of subgaleal area
2.16.840.1.113762.1.4.1099.54,SpecimenType,20240606,33531000087103,Ommaya reservoir submitted as specimen
2.16.840.1.113762.1.4.1099.54,SpecimenType,20240606,33541000087109,Specimen from abscess of epidural space (specimen)
2.16.840.1.113762.1.4.1099.54,SpecimenType,20240606,33551000087107,Wound packing material submitted as specimen
2.16.840.1.113762.1.4.1099.54,SpecimenType,20240606,33631000087102,Allogeneic bone graft material submitted as specimen
2.16.840.1.113762.1.4.1099.54,SpecimenType,20240606,33641000087108,Combined specimen from swab of anterior nares and anus and axilla
2.16.840.1.113762.1.4.1099.54,SpecimenType,20240606,33651000087106,Combined specimen from swab of anterior nares and anus
2.16.840.1.113762.1.4.1099.54,SpecimenType,20240606,33661000087109,Combined nares and anus and umbilicus swab
2.16.840.1.113762.1.4.1099.54,SpecimenType,20240606,33671000087100,Combined nares and throat and anus swab
2.16.840.1.113762.1.4.1099.54,SpecimenType,20240606,33891000087100,Fluid specimen from empyema of subdural space (specimen)
2.16.840.1.113762.1.4.1099.54,SpecimenType,20240606,33901000087104,Swab from tracheostomy stoma (specimen)
2.16.840.1.113762.1.4.1099.54,SpecimenType,20240606,33911000087102,Tissue specimen from iris
2.16.840.1.113762.1.4.1099.54,SpecimenType,20240606,33921000087105,Tissue specimen from sclera (specimen)
2.16.840.1.113762.1.4.1099.54,SpecimenType,20240606,33931000087107,Vagus nerve electrical stimulation system lead submitted as specimen
2.16.840.1.113762.1.4.1099.54,SpecimenType,20240606,34141000087102,Specimen from lymph node obtained by endobronchial ultrasound guided transbronchial fine needle aspiration
2.16.840.1.113762.1.4.1099.54,SpecimenType,20240606,34151000087104,Specimen from mass obtained by EBUS-TBNA (endobronchial ultrasound guided transbronchial fine needle aspiration)
2.16.840.1.113762.1.4.1099.54,SpecimenType,20240606,35261000087106,Bone screw submitted as specimen (specimen)
2.16.840.1.113762.1.4.1099.54,SpecimenType,20240606,35271000087102,Porcine cardiac valve submitted as specimen
2.16.840.1.113762.1.4.1099.54,SpecimenType,20240606,35281000087100,Surgical stainless steel suture submitted as specimen
2.16.840.1.113762.1.4.1099.54,SpecimenType,20240606,35291000087103,Surgical staple submitted as specimen
2.16.840.1.113762.1.4.1099.54,SpecimenType,20240606,35311000087102,Bone plate submitted as specimen (specimen)
2.16.840.1.113762.1.4.1099.54,SpecimenType,20240606,35321000087105,Implantable defibrillator component submitted as specimen
2.16.840.1.113762.1.4.1099.54,SpecimenType,20240606,38851000087103,IVF (in vitro fertilisation) medium submitted as specimen
2.16.840.1.113762.1.4.1099.54,SpecimenType,20240606,40371000087100,Combined specimen from swab of axillary fossa and groin
2.16.840.1.113762.1.4.1099.54,SpecimenType,20240606,42061000087105,Combined specimen from swab of anterior nares and axillary fossa and groin
2.16.840.1.113762.1.4.1099.54,SpecimenType,20240606,46121000146104,Urinary system calculus specimen
2.16.840.1.113762.1.4.1099.54,SpecimenType,20240606,50841000087100,ASEDs (autologous serum eye drops) specimen
2.16.840.1.113762.1.4.1099.54,SpecimenType,20240606,52041000087106,Swab from genital ulcer (specimen)
2.16.840.1.113762.1.4.1099.54,SpecimenType,20240606,57221000087106,Urine specimen from ureter obtained by ureteroscopy
2.16.840.1.113762.1.4.1099.54,SpecimenType,20240606,57481000052108,Specimen from pancreas obtained by distal pancreatectomy (specimen)
2.16.840.1.113762.1.4.1099.54,SpecimenType,20240606,57711000052109,Specimen obtained by puncture procedure
2.16.840.1.113762.1.4.1099.54,SpecimenType,20240606,57721000052101,Rectal secretion specimen (specimen)
2.16.840.1.113762.1.4.1099.54,SpecimenType,20240606,57731000052104,Stem cell specimen
2.16.840.1.113762.1.4.1099.54,SpecimenType,20240606,57741000052105,Tracheal secretion specimen
2.16.840.1.113762.1.4.1099.54,SpecimenType,20240606,57921000052103,Whole blood specimen with edetic acid
2.16.840.1.113762.1.4.1099.54,SpecimenType,20240606,57931000052101,Combined cervical mucus and urine specimen
2.16.840.1.113762.1.4.1099.54,SpecimenType,20240606,58981000087103,Specimen from soft tissue of orbit
2.16.840.1.113762.1.4.1099.54,SpecimenType,20240606,59041000087103,Combined specimen from swab of anterior nares and inguinal region (specimen)
2.16.840.1.113762.1.4.1099.54,SpecimenType,20240606,59601000087108,Swab of insertion site
2.16.840.1.113762.1.4.1099.54,SpecimenType,20240606,60661000087106,Vascular prosthesis submitted as specimen
2.16.840.1.113762.1.4.1099.54,SpecimenType,20240606,142261000146106,Lymphoblast specimen
2.16.840.1.113762.1.4.1099.54,SpecimenType,20240606,290211000146104,Monocyte specimen
2.16.840.1.113762.1.4.1099.54,SpecimenType,20240606,429931000124105,Nasal aspirate specimen (specimen)
2.16.840.1.113762.1.4.1099.54,SpecimenType,20240606,433781000124108,Tissue specimen from mass (specimen)
2.16.840.1.113762.1.4.1099.54,SpecimenType,20240606,433801000124107,Combined nasopharyngeal and oropharyngeal swab (specimen)
2.16.840.1.113762.1.4.1099.54,SpecimenType,20240606,433871000124101,Nasal washings (specimen)
2.16.840.1.113762.1.4.1099.54,SpecimenType,20240606,433881000124103,Combined specimen from swab of anterior nares and throat (specimen)
2.16.840.1.113762.1.4.1099.54,SpecimenType,20240606,435541000124108,Scab specimen (specimen)
2.16.840.1.113762.1.4.1099.54,SpecimenType,20240606,454911000124104,Swab from face (specimen)
2.16.840.1.113762.1.4.1099.54,SpecimenType,20240606,454951000124103,Swab from head (specimen)
2.16.840.1.113762.1.4.1099.54,SpecimenType,20240606,461911000124106,Swab specimen from oropharynx (specimen)
2.16.840.1.113762.1.4.1099.54,SpecimenType,20240606,3040001000004107,Paraffin embedded tissue block specimen (specimen)
2.16.840.1.113762.1.4.1099.54,SpecimenType,20240606,15650531000119105,Colorectal junction neoplasm tissue sample (specimen)
2.16.840.1.113762.1.4.1099.54,SpecimenType,20240606,15650601000119102,Thyroid neoplasm tissue sample
2.16.840.1.113762.1.4.1099.54,SpecimenType,20240606,15650671000119107,Paraffin embedded slide (specimen)
2.16.840.1.113762.1.4.1099.54,SpecimenType,20240606,16209251000119104,Central nervous system cyst fluid sample (specimen)
2.16.840.1.113762.1.4.1099.54,SpecimenType,20240606,16209291000119109,Brain cyst fluid sample (specimen)
2.16.840.1.113762.1.4.1099.54,SpecimenType,20240606,16209331000119103,Eye discharge specimen (specimen)
2.16.840.1.113762.1.4.1099.54,SpecimenType,20240606,16209691000119106,Specimen from left lung obtained by blind bronchioloalveolar lavage procedure (specimen)
2.16.840.1.113762.1.4.1099.54,SpecimenType,20240606,16209731000119104,Specimen from right lung obtained by blind bronchioloalveolar lavage procedure (specimen)
2.16.840.1.113762.1.4.1099.54,SpecimenType,20240606,16209771000119101,Specimen from left lower lobe of lung obtained by bronchoalveolar lavage procedure (specimen)
2.16.840.1.113762.1.4.1099.54,SpecimenType,20240606,16209811000119101,Specimen from left upper lobe of lung obtained by bronchoalveolar lavage procedure (specimen)
2.16.840.1.113762.1.4.1099.54,SpecimenType,20240606,16209851000119100,Specimen from right upper lobe of lung obtained by bronchoalveolar lavage procedure (specimen)
2.16.840.1.113762.1.4.1099.54,SpecimenType,20240606,16209891000119105,Specimen from right middle lobe of lung obtained by bronchoalveolar lavage procedure (specimen)
2.16.840.1.113762.1.4.1099.54,SpecimenType,20240606,16209931000119102,Specimen from right lower lobe of lung obtained by bronchoalveolar lavage procedure (specimen)
2.16.840.1.113762.1.4.1099.54,SpecimenType,20240606,16210211000119107,Body fluid specimen obtained via cystostomy tube (specimen)
2.16.840.1.113762.1.4.1099.54,SpecimenType,20240606,16210251000119108,Body fluid specimen obtained via Jackson-Pratt drain (specimen)
2.16.840.1.113762.1.4.1099.54,SpecimenType,20240606,16210291000119103,Gastric fluid specimen obtained by drainage (specimen)
2.16.840.1.113762.1.4.1099.54,SpecimenType,20240606,16210331000119109,Gastric fluid specimen obtained via gastrostomy tube (specimen)
2.16.840.1.113762.1.4.1099.54,SpecimenType,20240606,16210371000119107,Jejunal fluid specimen obtained by drainage (specimen)
2.16.840.1.113762.1.4.1099.54,SpecimenType,20240606,16210411000119108,Specimen from lip obtained by wedge resection
2.16.840.1.113762.1.4.1099.54,SpecimenType,20240606,16210451000119109,Specimen from bone obtained by curettage (specimen)
2.16.840.1.113762.1.4.1099.54,SpecimenType,20240606,16210491000119104,Specimen from endocervix obtained by curettage (specimen)
2.16.840.1.113762.1.4.1099.54,SpecimenType,20240606,16210531000119104,Labia ulcer sample (specimen)
2.16.840.1.113762.1.4.1099.54,SpecimenType,20240606,16210571000119101,Dental cyst sample (specimen)
2.16.840.1.113762.1.4.1099.54,SpecimenType,20240606,16210611000119105,Uterine cervix cyst sample (specimen)
2.16.840.1.113762.1.4.1099.54,SpecimenType,20240606,16210651000119106,Branchial cleft cyst sample (specimen)
2.16.840.1.113762.1.4.1099.54,SpecimenType,20240606,16210691000119101,Breast cyst sample (specimen)
2.16.840.1.113762.1.4.1099.54,SpecimenType,20240606,16210811000119106,Desmoid tumor sample
2.16.840.1.113762.1.4.1099.54,SpecimenType,20240606,16210851000119107,Cerebellar neoplasm sample
2.16.840.1.113762.1.4.1099.54,SpecimenType,20240606,16210891000119102,Brain neoplasm tissue sample (specimen)
2.16.840.1.113762.1.4.1099.54,SpecimenType,20240606,16210931000119105,Endocervical polyp sample (specimen)
2.16.840.1.113762.1.4.1099.54,SpecimenType,20240606,16210971000119108,Lesion swab
2.16.840.1.113762.1.4.1099.54,SpecimenType,20240606,16211011000119108,Specimen from deep surgical wound (specimen)
2.16.840.1.113762.1.4.1099.54,SpecimenType,20240606,16211051000119109,Specimen from deep wound (specimen)
2.16.840.1.113762.1.4.1099.54,SpecimenType,20240606,16211091000119104,Hydrocele sample obtained by fine needle aspiration (specimen)
2.16.840.1.113762.1.4.1099.54,SpecimenType,20240606,16211131000119102,Epidural lesion sample (specimen)
2.16.840.1.113762.1.4.1099.54,SpecimenType,20240606,16211211000119102,Specimen from intra-abdominal abscess (specimen)
2.16.840.1.113762.1.4.1099.54,SpecimenType,20240606,16211251000119101,Extradural lesion sample (specimen)
2.16.840.1.113762.1.4.1099.54,SpecimenType,20240606,16211291000119106,Specimen from axilla structure obtained by fine needle aspiration biopsy (specimen)
2.16.840.1.113762.1.4.1099.54,SpecimenType,20240606,16211331000119100,Specimen obtained by cystoprostatectomy (specimen)
2.16.840.1.113762.1.4.1099.54,SpecimenType,20240606,16211371000119102,Specimen from joint cartilage obtained by shave excision (specimen)
2.16.840.1.113762.1.4.1099.54,SpecimenType,20240606,16211411000119101,Specimen from breast obtained by resection of posterior margin (specimen)
2.16.840.1.113762.1.4.1099.54,SpecimenType,20240606,16211451000119100,Specimen from breast obtained by resection of superior margin (specimen)
2.16.840.1.113762.1.4.1099.54,SpecimenType,20240606,16211491000119105,Specimen from breast obtained by resection of lateral margin (specimen)
2.16.840.1.113762.1.4.1099.54,SpecimenType,20240606,16211531000119105,Specimen from breast obtained by resection of inferior margin (specimen)
2.16.840.1.113762.1.4.1099.54,SpecimenType,20240606,16211571000119108,Specimen from breast obtained by resection of anterior margin (specimen)
2.16.840.1.113762.1.4.1099.54,SpecimenType,20240606,16211611000119104,Specimen from breast obtained by resection of medial margin (specimen)
2.16.840.1.113762.1.4.1099.54,SpecimenType,20240606,16211651000119103,Excised bone sample
2.16.840.1.113762.1.4.1099.54,SpecimenType,20240606,16211731000119101,Specimen from breast with lymph node obtained by modified radical mastectomy (specimen)
2.16.840.1.113762.1.4.1099.54,SpecimenType,20240606,16211771000119103,Specimen from breast obtained by mastectomy with axillary contents (specimen)
2.16.840.1.113762.1.4.1099.54,SpecimenType,20240606,16212051000119104,Excised breast ectopic tissue sample (specimen)
2.16.840.1.113762.1.4.1099.54,SpecimenType,20240606,16212091000119109,Specimen from liver obtained by partial lobectomy
2.16.840.1.113762.1.4.1099.54,SpecimenType,20240606,16212131000119106,Specimen from liver obtained by partial resection (specimen)
2.16.840.1.113762.1.4.1099.54,SpecimenType,20240606,16212171000119109,Specimen from urinary bladder obtained by transurethral cystectomy
2.16.840.1.113762.1.4.1099.54,SpecimenType,20240606,16212251000119107,Specimen from stomach obtained by hemigastrectomy (specimen)
2.16.840.1.113762.1.4.1099.54,SpecimenType,20240606,16212331000119108,Autoclave ampoule submitted as specimen
2.16.840.1.113762.1.4.1099.54,SpecimenType,20240606,16212371000119106,Kidney brushings sample (specimen)
2.16.840.1.113762.1.4.1099.54,SpecimenType,20240606,16212411000119107,Specimen from right upper lobe of lung obtained by bronchial brushings procedure (specimen)
2.16.840.1.113762.1.4.1099.54,SpecimenType,20240606,16212451000119108,Specimen from left lower lobe of lung obtained by bronchial brushings procedure (specimen)
2.16.840.1.113762.1.4.1099.54,SpecimenType,20240606,16212491000119103,Specimen from left upper lobe of lung obtained by bronchial brushings procedure (specimen)
2.16.840.1.113762.1.4.1099.54,SpecimenType,20240606,16212531000119103,Specimen from right lower lobe of lung obtained by bronchial brushings procedure (specimen)
2.16.840.1.113762.1.4.1099.54,SpecimenType,20240606,16212571000119100,Specimen from right middle lobe of lung obtained by bronchial brushings procedure (specimen)
2.16.840.1.113762.1.4.1099.54,SpecimenType,20240606,16212691000119100,Gingiva biopsy sample (specimen)
2.16.840.1.113762.1.4.1099.54,SpecimenType,20240606,16212731000119107,Specimen from ethmoid sinus obtained by biopsy (specimen)
2.16.840.1.113762.1.4.1099.54,SpecimenType,20240606,16212771000119105,Specimen from eyelid obtained by biopsy (specimen)
2.16.840.1.113762.1.4.1099.54,SpecimenType,20240606,16212811000119105,Tissue specimen from donor cornea (specimen)
2.16.840.1.113762.1.4.1099.54,SpecimenType,20240606,16212851000119106,Specimen from corneal ulcer (specimen)
2.16.840.1.113762.1.4.1099.54,SpecimenType,20240606,16212931000119109,Specimen from cranium bone obtained by craniotomy (specimen)
2.16.840.1.113762.1.4.1099.54,SpecimenType,20240606,16212971000119107,Specimen from cartilage obtained by shave excision (specimen)
2.16.840.1.113762.1.4.1099.54,SpecimenType,20240606,16213011000119107,Specimen from bone obtained by core needle biopsy (specimen)
2.16.840.1.113762.1.4.1099.54,SpecimenType,20240606,16213051000119108,Indwelling catheter tip submitted as specimen (specimen)
2.16.840.1.113762.1.4.1099.54,SpecimenType,20240606,16213091000119103,External shunt submitted as specimen (specimen)
2.16.840.1.113762.1.4.1099.54,SpecimenType,20240606,16213171000119103,Balloon catheter tip submitted as specimen (specimen)
2.16.840.1.113762.1.4.1099.54,SpecimenType,20240606,16213211000119101,Endotracheal catheter tip specimen
2.16.840.1.113762.1.4.1099.54,SpecimenType,20240606,16213251000119100,Introducer catheter tip submitted as specimen (specimen)
2.16.840.1.113762.1.4.1099.54,SpecimenType,20240606,16213331000119104,Rectosigmoid colon biopsy sample (specimen)
2.16.840.1.113762.1.4.1099.54,SpecimenType,20240606,16213371000119101,Left colic flexure biopsy sample (specimen)
2.16.840.1.113762.1.4.1099.54,SpecimenType,20240606,16213411000119100,Ascending colon biopsy sample (specimen)
2.16.840.1.113762.1.4.1099.54,SpecimenType,20240606,16213451000119104,Right colic flexure biopsy sample (specimen)
2.16.840.1.113762.1.4.1099.54,SpecimenType,20240606,16213491000119109,Cecum biopsy sample (specimen)
2.16.840.1.113762.1.4.1099.54,SpecimenType,20240606,16213531000119109,Descending colon biopsy sample (specimen)
2.16.840.1.113762.1.4.1099.54,SpecimenType,20240606,16213571000119107,Ileocecal valve biopsy sample (specimen)
2.16.840.1.113762.1.4.1099.54,SpecimenType,20240606,16213651000119102,Duodenal ulcer sample (specimen)
2.16.840.1.113762.1.4.1099.54,SpecimenType,20240606,16213691000119107,Common bile duct brushings sample (specimen)
2.16.840.1.113762.1.4.1099.54,SpecimenType,20240606,16213731000119100,Specimen from liver obtained by needle aspiration biopsy (specimen)
2.16.840.1.113762.1.4.1099.54,SpecimenType,20240606,16213851000119101,Tissue specimen from larynx obtained by total resection
2.16.840.1.113762.1.4.1099.54,SpecimenType,20240606,16213891000119106,Specimen from posterior wall of urinary bladder obtained by biopsy (specimen)
2.16.840.1.113762.1.4.1099.54,SpecimenType,20240606,16213931000119103,Specimen from dome of urinary bladder obtained by biopsy (specimen)
2.16.840.1.113762.1.4.1099.54,SpecimenType,20240606,16214011000119105,Specimen from trigone of urinary bladder obtained by biopsy (specimen)
2.16.840.1.113762.1.4.1099.54,SpecimenType,20240606,16214091000119101,Specimen from anterior wall of urinary bladder obtained by biopsy (specimen)
2.16.840.1.113762.1.4.1099.54,SpecimenType,20240606,16214131000119104,Frozen tissue section sample (specimen)
2.16.840.1.113762.1.4.1099.54,SpecimenType,20240606,16214171000119101,Genital fluid specimen (specimen)
2.16.840.1.113762.1.4.1099.54,SpecimenType,20240606,16214211000119104,Pediculus sample (specimen)
2.16.840.1.113762.1.4.1099.54,SpecimenType,20240606,16214291000119108,Specimen from right upper lobe of lung obtained by endobronchial biopsy (specimen)
2.16.840.1.113762.1.4.1099.54,SpecimenType,20240606,16214331000119102,Specimen from lingula obtained by transbronchial biopsy (specimen)
2.16.840.1.113762.1.4.1099.54,SpecimenType,20240606,16214371000119104,Specimen from lung obtained by needle biopsy (specimen)
2.16.840.1.113762.1.4.1099.54,SpecimenType,20240606,16214411000119103,Specimen from left upper lobe of lung obtained by endobronchial biopsy (specimen)
2.16.840.1.113762.1.4.1099.54,SpecimenType,20240606,16214451000119102,Specimen from left lung obtained by fine needle aspiration procedure (specimen)
2.16.840.1.113762.1.4.1099.54,SpecimenType,20240606,16214491000119107,Specimen from right lung obtained by fine needle aspiration procedure (specimen)
2.16.840.1.113762.1.4.1099.54,SpecimenType,20240606,16214531000119107,Specimen from right middle lobe of lung obtained by endobronchial biopsy (specimen)
2.16.840.1.113762.1.4.1099.54,SpecimenType,20240606,16214571000119105,Specimen from left lower lobe of lung obtained by endobronchial biopsy (specimen)
2.16.840.1.113762.1.4.1099.54,SpecimenType,20240606,16214611000119101,Specimen from right lower lobe of lung obtained by endobronchial biopsy (specimen)
2.16.840.1.113762.1.4.1099.54,SpecimenType,20240606,16214651000119100,Specimen from lingula obtained by endobronchial biopsy (specimen)
2.16.840.1.113762.1.4.1099.54,SpecimenType,20240606,16214691000119105,Specimen obtained from breast by ultrasound guided needle biopsy (specimen)
2.16.840.1.113762.1.4.1099.54,SpecimenType,20240606,16214971000119103,Specimen obtained from breast by stereotactically guided needle biopsy (specimen)
2.16.840.1.113762.1.4.1099.54,SpecimenType,20240606,16215051000119107,Specimen from labia obtained by biopsy (specimen)
2.16.840.1.113762.1.4.1099.54,SpecimenType,20240606,16215091000119102,Specimen from bronchus obtained by endobronchial biopsy (specimen)
2.16.840.1.113762.1.4.1099.54,SpecimenType,20240606,16215131000119100,Endocervical smear sample (specimen)
2.16.840.1.113762.1.4.1099.54,SpecimenType,20240606,16215171000119102,Specimen from abscess of Bartholin's gland
2.16.840.1.113762.1.4.1099.54,SpecimenType,20240606,16215211000119100,Bartholin gland fluid specimen (specimen)
2.16.840.1.113762.1.4.1099.54,SpecimenType,20240606,16215251000119104,Specimen from right upper lobe of lung obtained by bronchial washing procedure (specimen)
2.16.840.1.113762.1.4.1099.54,SpecimenType,20240606,16215291000119109,Specimen from right lower lobe of lung obtained by bronchial washing procedure (specimen)
2.16.840.1.113762.1.4.1099.54,SpecimenType,20240606,16215331000119103,Specimen from left upper lobe of lung obtained by bronchial washing procedure (specimen)
2.16.840.1.113762.1.4.1099.54,SpecimenType,20240606,16215411000119104,Specimen from left lower lobe of lung obtained by bronchial washing procedure (specimen)
2.16.840.1.113762.1.4.1099.54,SpecimenType,20240606,16215451000119103,Specimen from right middle lobe of lung obtained by bronchial washing procedure (specimen)
2.16.840.1.113762.1.4.1099.54,SpecimenType,20240606,16215491000119108,Specimen from breast duct obtained by excision (specimen)
2.16.840.1.113762.1.4.1099.54,SpecimenType,20240606,16215531000119108,Specimen from left upper lobe of lung obtained by bronchial aspiration procedure (specimen)
2.16.840.1.113762.1.4.1099.54,SpecimenType,20240606,16215571000119106,Specimen from right middle lobe of lung obtained by bronchial aspiration procedure (specimen)
2.16.840.1.113762.1.4.1099.54,SpecimenType,20240606,16215611000119102,Specimen from right lower lobe of lung obtained by bronchial aspiration procedure (specimen)
2.16.840.1.113762.1.4.1099.54,SpecimenType,20240606,16215651000119101,Specimen from left lower lobe of lung obtained by bronchial aspiration procedure (specimen)
2.16.840.1.113762.1.4.1099.54,SpecimenType,20240606,16215691000119106,Specimen from right upper lobe of lung obtained by bronchial aspiration procedure (specimen)
2.16.840.1.113762.1.4.1099.54,SpecimenType,20240606,16215731000119104,Endocardium biopsy sample (specimen)
2.16.840.1.113762.1.4.1099.54,SpecimenType,20240606,16215771000119101,Specimen from inguinal lymph node obtained by fine needle aspiration biopsy (specimen)
2.16.840.1.113762.1.4.1099.54,SpecimenType,20240606,16215811000119101,Specimen from groin obtained by fine needle aspiration (specimen)
2.16.840.1.113762.1.4.1099.54,SpecimenType,20240606,16215851000119100,Specimen from brain obtained by fine needle aspiration (specimen)
2.16.840.1.113762.1.4.1099.54,SpecimenType,20240606,16215931000119102,Specimen from cyst obtained by fine needle aspiration (specimen)
2.16.840.1.113762.1.4.1099.54,SpecimenType,20240606,16216011000119104,Hilum of lung specimen obtained by fine needle aspiration procedure (specimen)
2.16.840.1.113762.1.4.1099.54,SpecimenType,20240606,16216051000119103,Specimen from branchial cleft cyst obtained by fine needle aspiration (specimen)
2.16.840.1.113762.1.4.1099.54,SpecimenType,20240606,16216091000119108,Duodenal brushings sample (specimen)
2.16.840.1.113762.1.4.1099.54,SpecimenType,20240606,16216131000119105,Specimen obtained from pouch of Douglas by aspiration (specimen)
2.16.840.1.113762.1.4.1099.54,SpecimenType,20240606,16216171000119108,Specimen from liver obtained by aspiration (specimen)
2.16.840.1.113762.1.4.1099.54,SpecimenType,20240606,16216211000119105,Endocervical aspirate (specimen)
2.16.840.1.113762.1.4.1099.54,SpecimenType,20240606,16216251000119106,Specimen from lung obtained by aspiration (specimen)
2.16.840.1.113762.1.4.1099.54,SpecimenType,20240606,16216291000119101,Labia smear sample (specimen)
2.16.840.1.113762.1.4.1099.54,SpecimenType,20240606,16216331000119107,Cerebrospinal fluid smear sample (specimen)
2.16.840.1.113762.1.4.1099.54,SpecimenType,20240606,16216371000119105,Anal smear sample (specimen)
2.16.840.1.113762.1.4.1099.54,SpecimenType,20240606,16216411000119106,Conjunctival smear sample (specimen)
2.16.840.1.113762.1.4.1099.54,SpecimenType,20240606,16216451000119107,Colonic specimen obtained by lavage (specimen)
2.16.840.1.113762.1.4.1099.54,SpecimenType,20240606,16216491000119102,Urinary bladder specimen obtained by lavage (specimen)
2.16.840.1.113762.1.4.1099.54,SpecimenType,20240606,16216531000119102,Common bile duct specimen obtained by lavage (specimen)
2.16.840.1.113762.1.4.1099.54,SpecimenType,20240606,16216571000119104,Esophageal specimen obtained by lavage (specimen)
2.16.840.1.113762.1.4.1099.54,SpecimenType,20240606,16216611000119108,Aortic valve specimen obtained by lavage (specimen)
2.16.840.1.113762.1.4.1099.54,SpecimenType,20240606,16219801000119102,Pinworm paddle submitted as specimen (specimen)
2.16.840.1.113762.1.4.1099.54,SpecimenType,20240606,16220041000119107,Tunneled catheter tip submitted as specimen (specimen)
2.16.840.1.113762.1.4.1099.54,SpecimenType,20240606,16220931000119104,Pancreas cyst fluid sample (specimen)
2.16.840.1.113762.1.4.1099.54,SpecimenType,20240606,16220971000119101,Specimen of fluid from cyst of kidney (specimen)
2.16.840.1.113762.1.4.1099.54,SpecimenType,20240606,16221011000119101,Vaginal discharge specimen (specimen)
2.16.840.1.113762.1.4.1099.54,SpecimenType,20240606,16221251000119108,Urine specimen obtained via straight catheter (specimen)
2.16.840.1.113762.1.4.1099.54,SpecimenType,20240606,16221371000119107,Urine specimen obtained from pedibag
2.16.840.1.113762.1.4.1099.54,SpecimenType,20240606,16221491000119104,Voided urine specimen (specimen)
2.16.840.1.113762.1.4.1099.54,SpecimenType,20240606,16221811000119106,Specimen obtained by bronchoscopy (specimen)
2.16.840.1.113762.1.4.1099.54,SpecimenType,20240606,16221891000119102,Specimen from soft tissue mass lesion obtained by fine needle aspiration (specimen)
2.16.840.1.113762.1.4.1099.54,SpecimenType,20240606,16222091000119100,Frozen section skin sample obtained by excision
2.16.840.1.113762.1.4.1099.54,SpecimenType,20240606,16222251000119102,"Specimen from skin obtained by Mohs surgery, permanent section (specimen)"
2.16.840.1.113762.1.4.1099.54,SpecimenType,20240606,16222611000119100,Specimen from prostate obtained by subtotal prostatectomy
2.16.840.1.113762.1.4.1099.54,SpecimenType,20240606,16222771000119104,Uvula tissue specimen obtained by simple excision (specimen)
2.16.840.1.113762.1.4.1099.54,SpecimenType,20240606,16222971000119102,Specimen from parotid gland obtained by biopsy (specimen)
2.16.840.1.113762.1.4.1099.54,SpecimenType,20240606,16223051000119101,Nasal sinus contents sample (specimen)
2.16.840.1.113762.1.4.1099.54,SpecimenType,20240606,16223091000119106,Specimen of mucosa of nasal sinus obtained by biopsy (specimen)
2.16.840.1.113762.1.4.1099.54,SpecimenType,20240606,16223251000119109,Peripherally inserted central venous catheter tip submitted as specimen (specimen)
2.16.840.1.113762.1.4.1099.54,SpecimenType,20240606,16223491000119100,Tissue specimen obtained by transtracheal biopsy (specimen)
2.16.840.1.113762.1.4.1099.54,SpecimenType,20240606,16223531000119100,Liquid stool specimen (specimen)
2.16.840.1.113762.1.4.1099.54,SpecimenType,20240606,16223571000119102,Purged stool specimen (specimen)
2.16.840.1.113762.1.4.1099.54,SpecimenType,20240606,16223651000119107,Specimen from ligated fallopian tube (specimen)
2.16.840.1.113762.1.4.1099.54,SpecimenType,20240606,16223731000119109,Specimen from perianal region obtained by biopsy (specimen)
2.16.840.1.113762.1.4.1099.54,SpecimenType,20240606,16223771000119107,Specimen from diaphragm obtained by brushing (specimen)
2.16.840.1.113762.1.4.1099.54,SpecimenType,20240606,16223931000119106,Vitreous humor specimen obtained by fine needle aspiration procedure (specimen)
2.16.840.1.113762.1.4.1099.54,SpecimenType,20240606,16223971000119109,Synovial fluid specimen obtained by fine needle aspiration procedure (specimen)
2.16.840.1.113762.1.4.1099.54,SpecimenType,20240606,16224091000119108,Specimen from lymph node obtained by endotracheal aspiration biopsy (specimen)
2.16.840.1.113762.1.4.1099.54,SpecimenType,20240606,16224131000119105,Specimen from mediastinal lymph node obtained by endotracheal aspiration biopsy (specimen)
2.16.840.1.113762.1.4.1099.54,SpecimenType,20240606,16224171000119108,Nasotracheal aspirate (specimen)
2.16.840.1.113762.1.4.1099.54,SpecimenType,20240606,16224251000119106,Papanicolaou smear sample (specimen)
2.16.840.1.113762.1.4.1099.54,SpecimenType,20240606,16224291000119101,Renal washings (specimen)
2.16.840.1.113762.1.4.1099.54,SpecimenType,20240606,16224371000119105,Nasal lavage fluid sample (specimen)
2.16.840.1.113762.1.4.1099.54,SpecimenType,20240606,16235301000119101,Specimen from sentinel lymph node of breast (specimen)
